miRNA_loci	Canonical_miRNA_ID	Canonical_Seq_ID	Chr	H_start	H_end	Strand	isomiR_count	isomiR_IDs	isomiR_Seq_IDs	Canonical_isomiR_pair_count	Canonical_isomiR_median_Pearson_r	Canonical_isomiR_median_Library_Jaccard	isomiR_isomiR_pair_count	isomiR_isomiR_median_Pearson_r	isomiR_isomiR_median_Library_Jaccard
Gma-MIR12203	Gma-MIR12203	miR544_R12_L21	10	3654712	3654816	-	3	Gma-MIR12203.v1;Gma-MIR12203.v2;Gma-MIR12203.v3	miR1237_R3_L22;miR1520_R2_L22;miR166_R97_L21	3	-0.1111111111111111	0.0	3	-0.11111111111111108	0.0
Gma-MIR12213a	Gma-MIR12213a	miR155_R104_L20	10	50980488	50980598	-	2	Gma-MIR12213a.v1;Gma-MIR12213a.v2	miR1443_R2_L22;miR309_R36_L21	2	-0.12803299642154442	0.0	1	-0.25233780041225173	0.0
Gma-MIR12214a	Gma-MIR12214a	miR717_R8_L22	16	30393192	30393252	-	2	Gma-MIR12214a.v1;Gma-MIR12214a.v2	miR268_R45_L22;miR743_R7_L21	2	-0.1608594016364443	0.0	1	-0.12989486174277418	0.0
Gma-MIR12367b	Gma-MIR12367b	miR351_R28_L22	17	36950626	36950748	+	1	Gma-MIR12367b.v1	miR311_R35_L22	1	-0.12199705992657095	0.0	0	nan	nan
Gma-MIR12376a	Gma-MIR12376a	miR334_R31_L22	4	35719466	35719522	+	1	Gma-MIR12376a.v1	miR908_R5_L21	1	0.0050071122269821355	0.0	0	nan	nan
Gma-MIR12376b	Gma-MIR12376b	miR334_R31_L22	8	19705066	19705122	-	1	Gma-MIR12376b.v1	miR908_R5_L21	1	0.0050071122269821355	0.0	0	nan	nan
Gma-MIR12392a	Gma-MIR12392a	miR157_R103_L22	1	55666997	55667269	-	1	Gma-MIR12392a.v1	miR1467_R2_L21	1	-0.4510008790977537	0.0	0	nan	nan
Gma-MIR12392b	Gma-MIR12392b	miR157_R103_L22	17	38135542	38135814	-	1	Gma-MIR12392b.v1	miR1190_R3_L21	1	-0.06789941766245056	0.0	0	nan	nan
Gma-MIR12393	Gma-MIR12393	miR258_R49_L21	6	43786172	43786412	+	1	Gma-MIR12393.v1	miR876_R5_L21	1	-0.11565111031261421	0.0	0	nan	nan
Gma-MIR12410e	Gma-MIR12410e	miR406_R23_L21	14	13859413	13859478	+	1	Gma-MIR12410e.v1	miR581_R11_L21	1	0.8247936763393602	0.0	0	nan	nan
Gma-MIR12920	Gma-MIR12920	miR225_R61_L22	14	6745701	6745964	-	1	Gma-MIR12920.v1	miR1287_R2_L21	1	0.00793071459514929	0.0	0	nan	nan
Gma-MIR13639	Gma-MIR13639	miR337_R31_L20	19	50282842	50283116	+	1	Gma-MIR13639.v1	miR380_R26_L21	1	-0.358946587467907	0.0	0	nan	nan
Gma-MIR13837	Gma-MIR13837	miR1002_R4_L20	10	47050318	47050370	-	1	Gma-MIR13837.v1	miR553_R12_L21	1	-0.11111111111111108	0.0	0	nan	nan
Gma-MIR13986	Gma-MIR13986	miR234_R58_L21	17	10662868	10662995	+	1	Gma-MIR13986.v1	miR1564_R2_L21	1	0.42739457050429114	0.0	0	nan	nan
Gma-MIR14289	Gma-MIR14289	miR140_R123_L22	14	19968359	19968421	-	1	Gma-MIR14289.v1	miR1364_R2_L22	1	0.5472807495198768	0.0	0	nan	nan
Gma-MIR14589	Gma-MIR14589	miR424_R21_L21	16	32193632	32193708	-	1	Gma-MIR14589.v1	miR526_R13_L21	1	0.12249205674010707	0.0	0	nan	nan
Gma-MIR14645a	Gma-MIR14645a	miR568_R12_L22	1	46103864	46103996	+	1	Gma-MIR14645a.v1	miR860_R6_L21	1	0.8566744237134742	0.38461538461538464	0	nan	nan
Gma-MIR14645b	Gma-MIR14645b	miR568_R12_L22	1	46360055	46360099	+	1	Gma-MIR14645b.v1	miR860_R6_L21	1	0.8566744237134742	0.38461538461538464	0	nan	nan
Gma-MIR14645c	Gma-MIR14645c	miR568_R12_L22	2	39793005	39793140	-	1	Gma-MIR14645c.v1	miR860_R6_L21	1	0.8566744237134742	0.38461538461538464	0	nan	nan
Gma-MIR14645d	Gma-MIR14645d	miR568_R12_L22	4	42417238	42417328	-	1	Gma-MIR14645d.v1	miR860_R6_L21	1	0.8566744237134742	0.38461538461538464	0	nan	nan
Gma-MIR14645e	Gma-MIR14645e	miR568_R12_L22	10	29754978	29755067	+	1	Gma-MIR14645e.v1	miR860_R6_L21	1	0.8566744237134742	0.38461538461538464	0	nan	nan
Gma-MIR14939b	Gma-MIR14939b	miR928_R5_L21	10	53918694	53918741	-	1	Gma-MIR14939b.v1	miR388_R25_L22	1	-0.11111111111111106	0.0	0	nan	nan
Gma-MIR398e	Gma-MIR398e	miR541_R13_L22	14	2738001	2738099	-	1	Gma-MIR398e.v1	miR433_R20_L21	1	-0.17002560749570414	0.0	0	nan	nan
Gma-MIR398e	Gma-MIR398e-5p	miR227_R60_L22	14	2738002	2738098	-	1	Gma-MIR398e-5p.v1	miR706_R8_L21	1	0.09590251076540339	0.0	0	nan	nan
Gma-MIRN12254	Gma-MIRN12254	miR598_R11_L22	10	18262913	18263051	+	1	Gma-MIRN12254.v1	miR1519_R2_L22	1	-0.26595557581195706	0.0	0	nan	nan
Gma-MIRN14549	Gma-MIRN14549	miR443_R19_L22	4	43425719	43425804	-	1	Gma-MIRN14549.v1	miR1444_R2_L22	1	-0.09288628720219037	0.0	0	nan	nan
Gma-MIRN15516	Gma-MIRN15516	miR466_R17_L20	16	7267801	7267882	+	1	Gma-MIRN15516.v1	miR736_R7_L21	1	0.22416476964424775	0.0	0	nan	nan
Gma-MIRN17872	Gma-MIRN17872	miR1588_R2_L20	6	3660509	3660581	+	1	Gma-MIRN17872.v1	miR338_R31_L21	1	0.8067481919853395	0.0	0	nan	nan
Gma-MIRN18007	Gma-MIRN18007	miR1160_R3_L20	7	42439888	42440151	-	1	Gma-MIRN18007.v1	miR954_R5_L21	1	-0.14197256999998667	0.0	0	nan	nan
Gma-MIRN18544	Gma-MIRN18544	miR863_R6_L22	4	47855816	47856013	-	1	Gma-MIRN18544.v1	miR605_R11_L21	1	-0.01050866093231579	0.0	0	nan	nan
Gma-MIRN326	Gma-MIRN326	miR317_R33_L21	2	16604887	16605151	-	1	Gma-MIRN326.v1	miR445_R19_L22	1	-0.16047113796971813	0.0	0	nan	nan
Gma-MIRN4409a	Gma-MIRN4409a	miR635_R9_L22	5	39640888	39640949	-	1	Gma-MIRN4409a.v1	miR1270_R2_L22	1	-6.938893903907228e-18	0.0	0	nan	nan
Gma-MIRN520a	Gma-MIRN520a	miR100_R191_L20	1	54170212	54170402	-	3	Gma-MIRN520a.v1;Gma-MIRN520a.v2;Gma-MIRN520a.v3	miR1417_R2_L20;miR159_R101_L21;miR462_R17_L21	3	0.6056608637677077	0.0	3	-0.23038130882858077	0.0
Gma-MIRN520b	Gma-MIRN520b	miR100_R191_L20	11	4594264	4594451	+	3	Gma-MIRN520b.v1;Gma-MIRN520b.v2;Gma-MIRN520b.v3	miR1417_R2_L20;miR159_R101_L21;miR462_R17_L21	3	0.6056608637677077	0.0	3	-0.23038130882858077	0.0
Gma-MIRN6620	Gma-MIRN6620	miR773_R7_L21	16	28591221	28591491	+	1	Gma-MIRN6620.v1	miR670_R9_L22	1	-0.11272403027632143	0.0	0	nan	nan
Gma-MIRN6782	Gma-MIRN6782	miR463_R17_L22	3	6293666	6293788	-	1	Gma-MIRN6782.v1	miR1361_R2_L21	1	0.8994677803654374	0.0	0	nan	nan
Gma-MIRN6784	Gma-MIRN6784	miR341_R30_L22	10	21210043	21210210	-	1	Gma-MIRN6784.v1	miR1028_R4_L21	1	0.152100267664383	0.0	0	nan	nan
Gma-MIRN6800	Gma-MIRN6800	miR1392_R2_L21	8	29233959	29234165	-	1	Gma-MIRN6800.v1	miR1321_R2_L22	1	-0.1477635311413854	0.0	0	nan	nan
Gma-MIRN9421	Gma-MIRN9421	miR373_R26_L22	14	4576541	4576808	-	1	Gma-MIRN9421.v1	miR728_R7_L22	1	-0.09078268431512887	0.0	0	nan	nan
Gma-miR12209	Gma-miR12209		17	5975718	5975869	+	2	Gma-miR12209.v1;Gma-miR12209.v2	miR451_R18_L21;miR589_R11_L20	0	nan	nan	1	-0.2256108475401219	0.0
Gma-miR12269e	Gma-miR12269e		10	40966521	40966620	+	2	Gma-miR12269e.v1;Gma-miR12269e.v2	miR318_R33_L22;miR674_R8_L22	0	nan	nan	1	0.5062735457569547	0.0
Gma-miR12410a	Gma-miR12410a		7	10023314	10023379	+	2	Gma-miR12410a.v1;Gma-miR12410a.v2	miR406_R23_L21;miR581_R11_L21	0	nan	nan	1	0.8247936763393602	0.0
Gma-miR12410a	Gma-miR12410a-3p	miR1458_R2_L21	7	10023315	10023378	+	1	Gma-miR12410a-3p.v1	miR1305_R2_L21	1	0.9999999999999996	0.0	0	nan	nan
Gma-miR12410c	Gma-miR12410c		7	10024653	10024718	+	2	Gma-miR12410c.v1;Gma-miR12410c.v2	miR406_R23_L21;miR581_R11_L21	0	nan	nan	1	0.8247936763393602	0.0
Gma-miR13146	Gma-miR13146		10	25063719	25063963	-	2	Gma-miR13146.v1;Gma-miR13146.v2	miR730_R7_L22;miR978_R4_L21	0	nan	nan	1	0.6130883582820736	0.0
Gma-miR13146a	Gma-miR13146a	miR730_R7_L22	2	14818724	14818968	-	1	Gma-miR13146a.v1	miR978_R4_L21	1	0.6130883582820736	0.0	0	nan	nan
Gma-miR13146b	Gma-miR13146b	miR730_R7_L22	6	46995286	46995530	+	1	Gma-miR13146b.v1	miR978_R4_L21	1	0.6130883582820736	0.0	0	nan	nan
Gma-miR13877b	Gma-miR13877b		7	1975794	1976020	-	2	Gma-miR13877b.v1;Gma-miR13877b.v2	miR185_R84_L22;miR428_R20_L22	0	nan	nan	1	0.19756918180564206	0.0
Gma-miR14289a	Gma-miR14289a	miR140_R123_L22	3	8931009	8931071	+	1	Gma-miR14289a.v1	miR1364_R2_L22	1	0.5472807495198768	0.0	0	nan	nan
Gma-miR14645f	Gma-miR14645f	miR568_R12_L22	3	31568057	31568144	+	1	Gma-miR14645f.v1	miR860_R6_L21	1	0.8566744237134742	0.38461538461538464	0	nan	nan
Gma-miR14645j	Gma-miR14645j	miR568_R12_L22	11	15251711	15251800	-	1	Gma-miR14645j.v1	miR860_R6_L21	1	0.8566744237134742	0.38461538461538464	0	nan	nan
Gma-miR14645l	Gma-miR14645l	miR568_R12_L22	15	17040108	17040152	-	1	Gma-miR14645l.v1	miR860_R6_L21	1	0.8566744237134742	0.38461538461538464	0	nan	nan
Gma-miR14645m	Gma-miR14645m	miR568_R12_L22	18	16349358	16349447	-	1	Gma-miR14645m.v1	miR860_R6_L21	1	0.8566744237134742	0.38461538461538464	0	nan	nan
Gma-miR14645n	Gma-miR14645n	miR568_R12_L22	18	16349363	16349452	+	1	Gma-miR14645n.v1	miR860_R6_L21	1	0.8566744237134742	0.38461538461538464	0	nan	nan
Gma-miR14846a	Gma-miR14846a	miR493_R15_L21	14	1428232	1428729	-	1	Gma-miR14846a.v1	miR1473_R2_L21	1	-0.24350786402517396	0.0	0	nan	nan
Gma-miR160i	Gma-miR160i		15	9790043	9790126	-	2	Gma-miR160i.v1;Gma-miR160i.v2	miR1098_R3_L20;miR207_R69_L21	0	nan	nan	1	0.10314185573314213	0.0
Gma-miR477c	Gma-miR477c	miR741_R7_L22	1	49846650	49846746	-	1	Gma-miR477c.v1	miR1276_R2_L22	1	0.6148858066831975	0.0	0	nan	nan
Gma-miRN13170c	Gma-miRN13170c	miR123_R145_L22	7	17272156	17272299	-	1	Gma-miRN13170c.v1	miR774_R7_L22	1	-0.2098606436512912	0.0	0	nan	nan
Gma-miRN13170d	Gma-miRN13170d	miR123_R145_L22	9	41450818	41450961	+	2	Gma-miRN13170d.v1;Gma-miRN13170d.v2	miR774_R7_L22;miR871_R5_L22	2	0.13550663413231961	0.003355704697986577	1	-0.0916377078373011	0.0
Gma-miRN13170f	Gma-miRN13170f	miR123_R145_L22	12	13099724	13100100	-	2	Gma-miRN13170f.v1;Gma-miRN13170f.v2	miR774_R7_L22;miR871_R5_L22	2	0.13550663413231961	0.003355704697986577	1	-0.0916377078373011	0.0
Gma-miRN13170g	Gma-miRN13170g	miR123_R145_L22	12	25112959	25113102	-	1	Gma-miRN13170g.v1	miR871_R5_L22	1	0.48087391191593043	0.006711409395973154	0	nan	nan
Gma-miRN13170h	Gma-miRN13170h	miR123_R145_L22	12	25123202	25123345	+	2	Gma-miRN13170h.v1;Gma-miRN13170h.v2	miR774_R7_L22;miR871_R5_L22	2	0.13550663413231961	0.003355704697986577	1	-0.0916377078373011	0.0
Gma-miRN13170j	Gma-miRN13170j	miR123_R145_L22	14	45379736	45380112	-	2	Gma-miRN13170j.v1;Gma-miRN13170j.v2	miR774_R7_L22;miR871_R5_L22	2	0.13550663413231961	0.003355704697986577	1	-0.0916377078373011	0.0
Gma-miRN13170k	Gma-miRN13170k	miR123_R145_L22	19	3962099	3962354	+	2	Gma-miRN13170k.v1;Gma-miRN13170k.v2	miR774_R7_L22;miR871_R5_L22	2	0.13550663413231961	0.003355704697986577	1	-0.0916377078373011	0.0
Gma-miRN17447	Gma-miRN17447		19	34261609	34261672	-	2	Gma-miRN17447.v1;Gma-miRN17447.v2	miR1228_R3_L22;miR847_R6_L21	0	nan	nan	1	-0.06741807098742159	0.0
Gma-miRN17742	Gma-miRN17742		14	15774041	15774117	+	2	Gma-miRN17742.v1;Gma-miRN17742.v2	miR1032_R4_L21;miR604_R11_L21	0	nan	nan	1	0.009893113463308512	0.0
Gma-miRN17742a	Gma-miRN17742a	miR604_R11_L21	2	41765249	41765387	-	1	Gma-miRN17742a.v1	miR1032_R4_L21	1	0.009893113463308512	0.0	0	nan	nan
Gma-miRN17742b	Gma-miRN17742b	miR604_R11_L21	5	11671838	11671934	+	1	Gma-miRN17742b.v1	miR1032_R4_L21	1	0.009893113463308512	0.0	0	nan	nan
Gma-miRN17742c	Gma-miRN17742c	miR604_R11_L21	14	45700861	45700957	+	1	Gma-miRN17742c.v1	miR1032_R4_L21	1	0.009893113463308512	0.0	0	nan	nan
Gma-miRN17742d	Gma-miRN17742d	miR604_R11_L21	20	5859390	5859469	-	1	Gma-miRN17742d.v1	miR1032_R4_L21	1	0.009893113463308512	0.0	0	nan	nan
Gma-miRN18146	Gma-miRN18146		3	1596652	1596737	+	2	Gma-miRN18146.v1;Gma-miRN18146.v2	miR363_R27_L22;miR647_R9_L20	0	nan	nan	1	-0.12129893989782364	0.0
Gma-miRN18397	Gma-miRN18397		14	50022418	50022502	+	4	Gma-miRN18397.v1;Gma-miRN18397.v2;Gma-miRN18397.v3;Gma-miRN18397.v4	miR1073_R3_L20;miR1442_R2_L20;miR1481_R2_L21;miR626_R10_L21	0	nan	nan	6	0.23315079897495616	0.0
Gma-miRN4437l	Gma-miRN4437l	miR676_R8_L21	18	10064437	10064518	-	1	Gma-miRN4437l.v1	miR831_R6_L21	1	-0.11111111111111109	0.0	0	nan	nan
Gma-miRN4440a	Gma-miRN4440a		3	13821400	13821573	+	2	Gma-miRN4440a.v1;Gma-miRN4440a.v2	miR1051_R4_L21;miR1121_R3_L22	0	nan	nan	1	-0.1498951950094402	0.0
Gma-miRN6506	Gma-miRN6506		7	13341510	13341902	+	2	Gma-miRN6506.v1;Gma-miRN6506.v2	miR1400_R2_L22;miR893_R5_L22	0	nan	nan	1	-0.04709097710349372	0.0
gma-miR10197	gma-miR10197	miR265_R47_L21	1	35188200	35188281	+	1	gma-miR10197.v1	miR473_R17_L21	1	0.5906568651448172	0.0	0	nan	nan
gma-miR10414b	gma-miR10414b	miR239_R56_L22	17	23230324	23230389	+	1	gma-miR10414b.v1	miR314_R34_L22	1	0.5337628861122499	0.046511627906976744	0	nan	nan
gma-miR10421a	gma-miR10421a	miR60_R317_L22	7	29752855	29753094	-	1	gma-miR10421a.v1	miR769_R7_L22	1	0.054941659402156416	0.0	0	nan	nan
gma-miR10421b	gma-miR10421b	miR60_R317_L22	10	23603616	23603691	+	1	gma-miR10421b.v1	miR769_R7_L22	1	0.054941659402156416	0.0	0	nan	nan
gma-miR10421c	gma-miR10421c	miR60_R317_L22	11	21572553	21572632	+	1	gma-miR10421c.v1	miR769_R7_L22	1	0.054941659402156416	0.0	0	nan	nan
gma-miR10438	gma-miR10438	miR98_R193_L22	17	21439662	21439776	-	1	gma-miR10438.v1	miR361_R27_L22	1	0.23874556542302824	0.0	0	nan	nan
gma-miR10439	gma-miR10439	miR240_R55_L21	18	16399322	16399435	+	1	gma-miR10439.v1	miR1429_R2_L22	1	0.6670480331337972	0.0	0	nan	nan
gma-miR10440	gma-miR10440	miR61_R311_L21	18	51081103	51081346	+	1	gma-miR10440.v1	miR153_R105_L21	1	-0.5425983269033247	0.0	0	nan	nan
gma-miR10440	gma-miR10440-5p	miR168_R96_L21	18	51081104	51081345	+	1	gma-miR10440-5p.v1	miR367_R27_L22	1	-0.4471389192258399	0.0	0	nan	nan
gma-miR10442	gma-miR10442	miR113_R156_L21	18	29690630	29690841	+	1	gma-miR10442.v1	miR197_R73_L21	1	0.6979086240836511	0.0	0	nan	nan
gma-miR10448a	gma-miR10448a	miR38_R445_L22	9	10412968	10413222	-	1	gma-miR10448a.v1	miR579_R11_L22	1	0.11238373733882559	0.0	0	nan	nan
gma-miR1507a	gma-miR1507a	miR9_R713_L22	13	28212586	28212671	+	1	gma-miR1507a.v1	miR201_R72_L21	1	-0.47046553496368043	0.0	0	nan	nan
gma-miR1507b	gma-miR1507b	miR201_R72_L21	17	5975930	5976013	+	1	gma-miR1507b.v1	miR9_R713_L22	1	-0.47046553496368043	0.0	0	nan	nan
gma-miR1507c	gma-miR1507c-3p		9	16474263	16474341	-	2	gma-miR1507c-3p.v1;gma-miR1507c-3p.v2	miR213_R67_L22;miR51_R340_L22	0	nan	nan	1	0.41533338679268617	0.0
gma-miR1507c	gma-miR1507c-5p	miR355_R28_L21	9	16474264	16474340	-	3	gma-miR1507c-5p.v1;gma-miR1507c-5p.v2;gma-miR1507c-5p.v3	miR719_R8_L22;miR739_R7_L20;miR99_R193_L21	3	0.09867690206646976	0.0	3	-0.14921251143757552	0.0
gma-miR1508b	gma-miR1508b	miR21_R644_L21	16	34124746	34124818	+	1	gma-miR1508b.v1	miR1402_R2_L22	1	0.017334339658147506	0.0015503875968992248	0	nan	nan
gma-miR1509a	gma-miR1509a	miR3_R751_L22	17	9863925	9864017	+	1	gma-miR1509a.v1	miR797_R6_L21	1	-0.12162153948435933	0.0	0	nan	nan
gma-miR1509b	gma-miR1509b		5	1347828	1347918	+	2	gma-miR1509b.v1;gma-miR1509b.v2	miR294_R39_L20;miR42_R402_L22	0	nan	nan	1	0.44958696563681244	0.0
gma-miR1510a	gma-miR1510a-3p		16	32507570	32507645	+	3	gma-miR1510a-3p.v1;gma-miR1510a-3p.v2;gma-miR1510a-3p.v3	miR1080_R3_L22;miR483_R15_L22;miR58_R319_L21	0	nan	nan	3	0.10522018669867103	0.003003003003003003
gma-miR1510b	gma-miR1510b-3p	miR58_R319_L21	2	6672229	6672298	+	1	gma-miR1510b-3p.v1	miR471_R17_L22	1	0.06098344981725466	0.0	0	nan	nan
gma-miR1510b	gma-miR1510b-5p	miR102_R187_L22	2	6672229	6672298	+	2	gma-miR1510b-5p.v1;gma-miR1510b-5p.v2	miR26_R556_L21;miR712_R8_L20	2	0.1566444505226149	0.0	1	0.407491514503779	0.0
gma-miR1511	gma-miR1511	miR53_R333_L20	18	20653964	20654045	+	1	gma-miR1511.v1	miR34_R456_L21	1	-0.047867142797303	0.0	0	nan	nan
gma-miR1511	gma-miR1511-5p	miR241_R55_L21	18	20653963	20654046	+	1	gma-miR1511-5p.v1	miR1063_R4_L22	1	-0.031623521356546655	0.0	0	nan	nan
gma-miR1512b	gma-miR1512b	miR177_R88_L22	2	8720882	8720957	-	1	gma-miR1512b.v1	miR512_R14_L22	1	0.6257963269871621	0.0	0	nan	nan
gma-miR1512c	gma-miR1512c	miR93_R204_L22	2	8711839	8711924	-	1	gma-miR1512c.v1	miR618_R10_L21	1	0.580410784298797	0.0	0	nan	nan
gma-miR1513b	gma-miR1513b-5p	miR196_R74_L21	20	228281	228337	-	1	gma-miR1513b-5p.v1	miR1496_R2_L20	1	0.6727769411418847	0.0	0	nan	nan
gma-miR1514a	gma-miR1514a-5p		7	45057363	45057443	-	2	gma-miR1514a-5p.v1;gma-miR1514a-5p.v2	miR1111_R3_L22;miR59_R318_L22	0	nan	nan	1	0.3479556806124893	0.0
gma-miR1515a	gma-miR1515a	miR36_R451_L22	1	51867371	51867497	+	1	gma-miR1515a.v1	miR215_R64_L21	1	0.8281118289396725	0.0	0	nan	nan
gma-miR1515b	gma-miR1515b	miR36_R451_L22	11	6661763	6661889	-	1	gma-miR1515b.v1	miR215_R64_L21	1	0.8281118289396725	0.0	0	nan	nan
gma-miR1523c	gma-miR1523c	miR1011_R4_L22	6	19114663	19114753	+	1	gma-miR1523c.v1	miR1220_R3_L22	1	-0.11111111111111108	0.0	0	nan	nan
gma-miR156a	gma-miR156a	miR10_R708_L20	17	5935262	5935346	-	2	gma-miR156a.v1;gma-miR156a.v2	miR1559_R2_L20;miR572_R12_L21	2	0.017535716967460223	0.0	1	0.6068629174089631	0.0
gma-miR156ad	gma-miR156ad	miR298_R39_L22	14	9451881	9451971	+	1	gma-miR156ad.v1	miR313_R35_L21	1	0.3463105593985112	0.0	0	nan	nan
gma-miR156ae	gma-miR156ae	miR33_R465_L21	19	8864612	8864697	+	2	gma-miR156ae.v1;gma-miR156ae.v2	miR1271_R2_L20;miR366_R27_L22	2	0.11680319447377656	0.0	1	-0.11111111111111108	0.0
gma-miR156d	gma-miR156d	miR33_R465_L21	8	3912005	3912118	+	1	gma-miR156d.v1	miR1271_R2_L20	1	0.04885349257328464	0.0	0	nan	nan
gma-miR156d	gma-miR156d-3p	miR228_R60_L21	8	3912006	3912117	+	1	gma-miR156d-3p.v1	miR1562_R2_L22	1	0.20727808267047704	0.0	0	nan	nan
gma-miR156e	gma-miR156e		18	59793871	59793957	-	2	gma-miR156e.v1;gma-miR156e.v2	miR1271_R2_L20;miR33_R465_L21	0	nan	nan	1	0.04885349257328464	0.0
gma-miR156e	gma-miR156e-3p	miR269_R45_L21	18	59793872	59793956	-	1	gma-miR156e-3p.v1	miR904_R5_L22	1	0.6192979651785928	0.0	0	nan	nan
gma-miR156g	gma-miR156g		19	8864607	8864692	-	2	gma-miR156g.v1;gma-miR156g.v2	miR1271_R2_L20;miR33_R465_L21	0	nan	nan	1	0.04885349257328464	0.0
gma-miR156h	gma-miR156h	miR10_R708_L20	4	5023704	5023786	-	1	gma-miR156h.v1	miR517_R14_L22	1	0.15516001832179066	0.0	0	nan	nan
gma-miR156i	gma-miR156i	miR33_R465_L21	5	44724771	44724880	+	1	gma-miR156i.v1	miR1271_R2_L20	1	0.04885349257328464	0.0	0	nan	nan
gma-miR156i	gma-miR156i-3p	miR228_R60_L21	5	44724772	44724879	+	1	gma-miR156i-3p.v1	miR1562_R2_L22	1	0.20727808267047704	0.0	0	nan	nan
gma-miR156j	gma-miR156j	miR33_R465_L21	2	7910303	7910390	+	1	gma-miR156j.v1	miR1271_R2_L20	1	0.04885349257328464	0.0	0	nan	nan
gma-miR156k	gma-miR156k		6	4755925	4756012	-	2	gma-miR156k.v1;gma-miR156k.v2	miR10_R708_L20;miR517_R14_L22	0	nan	nan	1	0.15516001832179066	0.0
gma-miR156l	gma-miR156l	miR33_R465_L21	7	9356060	9356164	+	1	gma-miR156l.v1	miR1271_R2_L20	1	0.04885349257328464	0.0	0	nan	nan
gma-miR156l	gma-miR156l-3p	miR528_R13_L22	7	9356060	9356164	+	1	gma-miR156l-3p.v1	miR1142_R3_L21	1	-0.09423224641976972	0.0	0	nan	nan
gma-miR156m	gma-miR156m-3p	miR169_R96_L22	9	42309074	42309174	-	1	gma-miR156m-3p.v1	miR620_R10_L21	1	-0.21894790075635184	0.0	0	nan	nan
gma-miR156n	gma-miR156n		14	10686561	10686851	-	2	gma-miR156n.v1;gma-miR156n.v2	miR10_R708_L20;miR517_R14_L22	0	nan	nan	1	0.15516001832179066	0.0
gma-miR156o	gma-miR156o		17	38001846	38002019	+	2	gma-miR156o.v1;gma-miR156o.v2	miR10_R708_L20;miR517_R14_L22	0	nan	nan	1	0.15516001832179066	0.0
gma-miR156p	gma-miR156p	miR219_R63_L21	11	481672	481753	-	1	gma-miR156p.v1	miR1105_R3_L20	1	0.34438499746376394	0.0	0	nan	nan
gma-miR156q	gma-miR156q	miR310_R35_L21	13	22854074	22854160	+	1	gma-miR156q.v1	miR10_R708_L20	1	-0.3909413971389356	0.0450070323488045	0	nan	nan
gma-miR156r	gma-miR156r	miR329_R32_L21	16	6521739	6521885	+	1	gma-miR156r.v1	miR1012_R4_L20	1	-0.5213365954644753	0.0	0	nan	nan
gma-miR156s	gma-miR156s	miR310_R35_L21	17	4051035	4051118	-	1	gma-miR156s.v1	miR10_R708_L20	1	-0.3909413971389356	0.0450070323488045	0	nan	nan
gma-miR156s	gma-miR156s-3p	miR298_R39_L22	17	4051035	4051118	-	1	gma-miR156s-3p.v1	miR313_R35_L21	1	0.3463105593985112	0.0	0	nan	nan
gma-miR156t	gma-miR156t	miR219_R63_L21	1	58618275	58618356	+	1	gma-miR156t.v1	miR1105_R3_L20	1	0.34438499746376394	0.0	0	nan	nan
gma-miR156u	gma-miR156u	miR10_R708_L20	2	42370052	42370136	+	2	gma-miR156u.v1;gma-miR156u.v2	miR1559_R2_L20;miR572_R12_L21	2	0.017535716967460223	0.0	1	0.6068629174089631	0.0
gma-miR159a	gma-miR159a-3p	miR48_R362_L21	9	42136977	42137286	+	2	gma-miR159a-3p.v1;gma-miR159a-3p.v2	miR634_R9_L20;miR960_R4_L22	2	0.14755172138799572	0.0	1	-0.20946689462107404	0.0
gma-miR159b	gma-miR159b-3p	miR698_R8_L21	7	5419053	5419216	-	1	gma-miR159b-3p.v1	miR420_R21_L20	1	0.0347373997610836	0.11538461538461539	0	nan	nan
gma-miR159c	gma-miR159c	miR921_R5_L21	16	2790795	2790982	-	1	gma-miR159c.v1	miR420_R21_L20	1	0.9321874573660168	0.0	0	nan	nan
gma-miR159e	gma-miR159e-3p	miR48_R362_L21	7	9540509	9540681	-	2	gma-miR159e-3p.v1;gma-miR159e-3p.v2	miR634_R9_L20;miR960_R4_L22	2	0.14755172138799572	0.0	1	-0.20946689462107404	0.0
gma-miR159f	gma-miR159f-3p	miR698_R8_L21	16	2780900	2781135	-	1	gma-miR159f-3p.v1	miR420_R21_L20	1	0.0347373997610836	0.11538461538461539	0	nan	nan
gma-miR159g	gma-miR159g	miR420_R21_L20	7	5426968	5427128	-	1	gma-miR159g.v1	miR1169_R3_L21	1	0.1703284655350015	0.09090909090909091	0	nan	nan
gma-miR159h	gma-miR159h	miR522_R13_L20	9	42826146	42826344	-	1	gma-miR159h.v1	miR750_R7_L21	1	-0.22561168707765647	0.0	0	nan	nan
gma-miR159i	gma-miR159i	miR921_R5_L21	16	2794122	2794285	-	1	gma-miR159i.v1	miR420_R21_L20	1	0.9321874573660168	0.0	0	nan	nan
gma-miR160a	gma-miR160a-5p	miR25_R563_L21	10	46946061	46946142	-	1	gma-miR160a-5p.v1	miR325_R32_L20	1	0.4742139060718043	0.0	0	nan	nan
gma-miR160b	gma-miR160b	miR325_R32_L20	20	45985584	45985664	+	2	gma-miR160b.v1;gma-miR160b.v2	miR25_R563_L21;miR350_R28_L21	2	0.4069830540243325	0.0	1	-0.12323063201732572	0.0
gma-miR160c	gma-miR160c	miR325_R32_L20	19	45412051	45412132	-	2	gma-miR160c.v1;gma-miR160c.v2	miR25_R563_L21;miR350_R28_L21	2	0.4069830540243325	0.0	1	-0.12323063201732572	0.0
gma-miR160d	gma-miR160d	miR325_R32_L20	13	26090721	26090802	-	2	gma-miR160d.v1;gma-miR160d.v2	miR25_R563_L21;miR350_R28_L21	2	0.4069830540243325	0.0	1	-0.12323063201732572	0.0
gma-miR160e	gma-miR160e	miR325_R32_L20	3	41111733	41111814	-	2	gma-miR160e.v1;gma-miR160e.v2	miR25_R563_L21;miR350_R28_L21	2	0.4069830540243325	0.0	1	-0.12323063201732572	0.0
gma-miR160f	gma-miR160f	miR25_R563_L21	10	4886951	4887032	-	2	gma-miR160f.v1;gma-miR160f.v2	miR325_R32_L20;miR350_R28_L21	2	0.1754916370272393	0.0	1	0.3397522019768607	0.0
gma-miR162a	gma-miR162a		6	20207914	20207997	-	2	gma-miR162a.v1;gma-miR162a.v2	miR4_R751_L21;miR887_R5_L22	0	nan	nan	1	-0.30462053369226877	0.0
gma-miR162b	gma-miR162b	miR4_R751_L21	5	1429251	1429335	+	1	gma-miR162b.v1	miR887_R5_L22	1	-0.30462053369226877	0.0	0	nan	nan
gma-miR162c	gma-miR162c	miR4_R751_L21	17	9945665	9945749	+	1	gma-miR162c.v1	miR887_R5_L22	1	-0.30462053369226877	0.0	0	nan	nan
gma-miR162d	gma-miR162d	miR72_R275_L21	17	9945420	9945749	+	1	gma-miR162d.v1	miR237_R56_L22	1	-0.42262740942043203	0.0	0	nan	nan
gma-miR164a	gma-miR164a	miR30_R527_L21	19	51168162	51168238	+	1	gma-miR164a.v1	miR238_R56_L20	1	-0.33061014154086393	0.0	0	nan	nan
gma-miR164a	gma-miR164a-3p	miR322_R33_L21	19	51168162	51168238	+	1	gma-miR164a-3p.v1	miR865_R6_L22	1	0.9598921390907804	0.0	0	nan	nan
gma-miR164b	gma-miR164b	miR238_R56_L20	10	1715117	1715195	+	1	gma-miR164b.v1	miR30_R527_L21	1	-0.33061014154086393	0.0	0	nan	nan
gma-miR164b	gma-miR164b-3p	miR322_R33_L21	10	1715117	1715195	+	1	gma-miR164b-3p.v1	miR865_R6_L22	1	0.9598921390907804	0.0	0	nan	nan
gma-miR164c	gma-miR164c	miR238_R56_L20	3	5295774	5295921	-	1	gma-miR164c.v1	miR30_R527_L21	1	-0.33061014154086393	0.0	0	nan	nan
gma-miR164c	gma-miR164c-3p	miR162_R100_L21	3	5295774	5295921	-	1	gma-miR164c-3p.v1	miR718_R8_L22	1	0.4283884537274442	0.0	0	nan	nan
gma-miR164d	gma-miR164d	miR238_R56_L20	10	41188033	41188100	+	1	gma-miR164d.v1	miR30_R527_L21	1	-0.33061014154086393	0.0	0	nan	nan
gma-miR164d	gma-miR164d-3p	miR322_R33_L21	10	41188033	41188100	+	1	gma-miR164d-3p.v1	miR865_R6_L22	1	0.9598921390907804	0.0	0	nan	nan
gma-miR164e	gma-miR164e	miR30_R527_L21	2	1556522	1556601	+	1	gma-miR164e.v1	miR238_R56_L20	1	-0.33061014154086393	0.0	0	nan	nan
gma-miR164e	gma-miR164e-3p	miR322_R33_L21	2	1556522	1556601	+	1	gma-miR164e-3p.v1	miR865_R6_L22	1	0.9598921390907804	0.0	0	nan	nan
gma-miR164f	gma-miR164f	miR30_R527_L21	3	45394681	45394768	+	1	gma-miR164f.v1	miR238_R56_L20	1	-0.33061014154086393	0.0	0	nan	nan
gma-miR164g	gma-miR164g	miR30_R527_L21	3	46765912	46765988	+	1	gma-miR164g.v1	miR238_R56_L20	1	-0.33061014154086393	0.0	0	nan	nan
gma-miR164g	gma-miR164g-3p	miR322_R33_L21	3	46765912	46765988	+	1	gma-miR164g-3p.v1	miR865_R6_L22	1	0.9598921390907804	0.0	0	nan	nan
gma-miR164h	gma-miR164h	miR30_R527_L21	9	50736160	50736300	-	1	gma-miR164h.v1	miR238_R56_L20	1	-0.33061014154086393	0.0	0	nan	nan
gma-miR164h	gma-miR164h-3p	miR162_R100_L21	9	50736160	50736300	-	1	gma-miR164h-3p.v1	miR718_R8_L22	1	0.4283884537274442	0.0	0	nan	nan
gma-miR164i	gma-miR164i	miR30_R527_L21	18	52000678	52000817	+	1	gma-miR164i.v1	miR238_R56_L20	1	-0.33061014154086393	0.0	0	nan	nan
gma-miR164j	gma-miR164j	miR30_R527_L21	19	49772523	49772595	+	1	gma-miR164j.v1	miR238_R56_L20	1	-0.33061014154086393	0.0	0	nan	nan
gma-miR164k	gma-miR164k	miR30_R527_L21	20	51232266	51232432	-	1	gma-miR164k.v1	miR238_R56_L20	1	-0.33061014154086393	0.0	0	nan	nan
gma-miR164l	gma-miR164l	miR30_R527_L21	1	46703572	46703704	+	1	gma-miR164l.v1	miR238_R56_L20	1	-0.33061014154086393	0.0	0	nan	nan
gma-miR164l	gma-miR164l-3p	miR162_R100_L21	1	46703572	46703704	+	1	gma-miR164l-3p.v1	miR718_R8_L22	1	0.4283884537274442	0.0	0	nan	nan
gma-miR164n	gma-miR164n	miR322_R33_L21	20	51232266	51232359	-	1	gma-miR164n.v1	miR865_R6_L22	1	0.9598921390907804	0.0	0	nan	nan
gma-miR166a	gma-miR166a-3p		16	1889687	1889793	-	4	gma-miR166a-3p.v1;gma-miR166a-3p.v2;gma-miR166a-3p.v3;gma-miR166a-3p.v4	miR344_R29_L22;miR734_R7_L21;miR815_R6_L22;miR976_R4_L21	0	nan	nan	6	-0.11111111111111108	0.0
gma-miR166aa	gma-miR166aa	miR1_R795_L21	6	13031848	13031973	-	1	gma-miR166aa.v1	miR1397_R2_L22	1	0.18773855236841513	0.0025157232704402514	0	nan	nan
gma-miR166ac	gma-miR166ac	miR1_R795_L21	8	300776	300897	-	1	gma-miR166ac.v1	miR1397_R2_L22	1	0.18773855236841513	0.0025157232704402514	0	nan	nan
gma-miR166b	gma-miR166b		8	300878	301104	-	2	gma-miR166b.v1;gma-miR166b.v2	miR39_R433_L22;miR87_R214_L22	0	nan	nan	1	0.39739910269705125	0.004658385093167702
gma-miR166c	gma-miR166c-3p		7	4512335	4512441	-	4	gma-miR166c-3p.v1;gma-miR166c-3p.v2;gma-miR166c-3p.v3;gma-miR166c-3p.v4	miR126_R138_L21;miR138_R123_L21;miR344_R29_L22;miR39_R433_L22	0	nan	nan	6	-0.029646639631582983	0.04594514616786332
gma-miR166d	gma-miR166d		20	48533348	48533438	-	3	gma-miR166d.v1;gma-miR166d.v2;gma-miR166d.v3	miR1397_R2_L22;miR1_R795_L21;miR344_R29_L22	0	nan	nan	3	0.18773855236841513	0.0025157232704402514
gma-miR166e	gma-miR166e		4	49072150	49072431	+	3	gma-miR166e.v1;gma-miR166e.v2;gma-miR166e.v3	miR126_R138_L21;miR39_R433_L22;miR87_R214_L22	0	nan	nan	3	-0.31074761091478925	0.004658385093167702
gma-miR166f	gma-miR166f		10	44348934	44349021	+	3	gma-miR166f.v1;gma-miR166f.v2;gma-miR166f.v3	miR1397_R2_L22;miR1_R795_L21;miR344_R29_L22	0	nan	nan	3	0.18773855236841513	0.0025157232704402514
gma-miR166g	gma-miR166g		10	3062389	3062475	-	4	gma-miR166g.v1;gma-miR166g.v2;gma-miR166g.v3;gma-miR166g.v4	miR126_R138_L21;miR138_R123_L21;miR39_R433_L22;miR87_R214_L22	0	nan	nan	6	-0.3388731385096051	0.003230093447484752
gma-miR166h	gma-miR166h-3p	miR1_R795_L21	8	15088119	15088285	+	1	gma-miR166h-3p.v1	miR256_R49_L21	1	-0.23524418922196208	0.061635220125786164	0	nan	nan
gma-miR166i	gma-miR166i-3p		2	14557814	14557900	+	4	gma-miR166i-3p.v1;gma-miR166i-3p.v2;gma-miR166i-3p.v3;gma-miR166i-3p.v4	miR126_R138_L21;miR138_R123_L21;miR39_R433_L22;miR87_R214_L22	0	nan	nan	6	-0.3388731385096051	0.003230093447484752
gma-miR166l	gma-miR166l-3p	miR1_R795_L21	4	34783964	34784083	+	1	gma-miR166l-3p.v1	miR1397_R2_L22	1	0.18773855236841513	0.0025157232704402514	0	nan	nan
gma-miR166m	gma-miR166m		9	38308087	38308212	+	2	gma-miR166m.v1;gma-miR166m.v2	miR1327_R2_L21;miR290_R40_L21	0	nan	nan	1	0.27449662521236634	0.0
gma-miR166n	gma-miR166n		5	41028002	41028279	-	3	gma-miR166n.v1;gma-miR166n.v2;gma-miR166n.v3	miR126_R138_L21;miR39_R433_L22;miR87_R214_L22	0	nan	nan	3	-0.31074761091478925	0.004658385093167702
gma-miR166o	gma-miR166o		6	13031954	13032211	-	3	gma-miR166o.v1;gma-miR166o.v2;gma-miR166o.v3	miR126_R138_L21;miR39_R433_L22;miR87_R214_L22	0	nan	nan	3	-0.31074761091478925	0.004658385093167702
gma-miR166p	gma-miR166p		3	39381176	39381280	-	4	gma-miR166p.v1;gma-miR166p.v2;gma-miR166p.v3;gma-miR166p.v4	miR126_R138_L21;miR138_R123_L21;miR39_R433_L22;miR87_R214_L22	0	nan	nan	6	-0.3388731385096051	0.003230093447484752
gma-miR166q	gma-miR166q		4	49072410	49072538	+	2	gma-miR166q.v1;gma-miR166q.v2	miR1397_R2_L22;miR1_R795_L21	0	nan	nan	1	0.18773855236841513	0.0025157232704402514
gma-miR166r	gma-miR166r		6	11030436	11030569	+	3	gma-miR166r.v1;gma-miR166r.v2;gma-miR166r.v3	miR1415_R2_L21;miR17_R685_L21;miR198_R73_L21	0	nan	nan	3	-0.1803027256924482	0.0
gma-miR166s	gma-miR166s		7	10221055	10221157	+	3	gma-miR166s.v1;gma-miR166s.v2;gma-miR166s.v3	miR1397_R2_L22;miR1_R795_L21;miR87_R214_L22	0	nan	nan	3	-0.22097498926068115	0.0025157232704402514
gma-miR166t	gma-miR166t		9	41584651	41584773	-	3	gma-miR166t.v1;gma-miR166t.v2;gma-miR166t.v3	miR1397_R2_L22;miR1_R795_L21;miR87_R214_L22	0	nan	nan	3	-0.22097498926068115	0.0025157232704402514
gma-miR166v	gma-miR166v	miR1_R795_L21	1	26442362	26442482	-	1	gma-miR166v.v1	miR1397_R2_L22	1	0.18773855236841513	0.0025157232704402514	0	nan	nan
gma-miR166x	gma-miR166x	miR17_R685_L21	4	51094389	51094641	-	2	gma-miR166x.v1;gma-miR166x.v2	miR1415_R2_L21;miR198_R73_L21	2	-0.35071653897187777	0.0006605019815059445	1	0.4864230435899884	0.0
gma-miR166y	gma-miR166y	miR1_R795_L21	5	41027898	41028021	-	1	gma-miR166y.v1	miR1397_R2_L22	1	0.18773855236841513	0.0025157232704402514	0	nan	nan
gma-miR167a	gma-miR167a	miR47_R363_L21	19	43440702	43440813	+	1	gma-miR167a.v1	miR83_R242_L20	1	0.25851643622787723	0.04310344827586207	0	nan	nan
gma-miR167b	gma-miR167b	miR47_R363_L21	2	14839602	14839685	-	1	gma-miR167b.v1	miR83_R242_L20	1	0.25851643622787723	0.04310344827586207	0	nan	nan
gma-miR167d	gma-miR167d	miR47_R363_L21	10	2797537	2797620	+	1	gma-miR167d.v1	miR83_R242_L20	1	0.25851643622787723	0.04310344827586207	0	nan	nan
gma-miR167e	gma-miR167e	miR46_R371_L21	20	43325325	43325394	+	2	gma-miR167e.v1;gma-miR167e.v2	miR117_R153_L22;miR83_R242_L20	2	0.2258739487364564	0.1648590021691974	1	0.58046566155352	0.025974025974025976
gma-miR167e	gma-miR167e-3p	miR907_R5_L20	20	43325325	43325394	+	1	gma-miR167e-3p.v1	miR1183_R3_L21	1	-0.15182452409418493	0.0	0	nan	nan
gma-miR167f	gma-miR167f	miR46_R371_L21	10	49686442	49686511	-	2	gma-miR167f.v1;gma-miR167f.v2	miR117_R153_L22;miR83_R242_L20	2	0.2258739487364564	0.1648590021691974	1	0.58046566155352	0.025974025974025976
gma-miR167f	gma-miR167f-3p	miR907_R5_L20	10	49686442	49686511	-	1	gma-miR167f-3p.v1	miR1183_R3_L21	1	-0.15182452409418493	0.0	0	nan	nan
gma-miR167g	gma-miR167g	miR669_R9_L22	10	42163420	42163485	+	2	gma-miR167g.v1;gma-miR167g.v2	miR19_R676_L21;miR83_R242_L20	2	-0.025099152888122193	0.0	1	0.262876423892616	0.17994858611825193
gma-miR167g	gma-miR167g-3p	miR371_R27_L21	10	42163420	42163485	+	1	gma-miR167g-3p.v1	miR852_R6_L20	1	-0.1925403641886262	0.0	0	nan	nan
gma-miR167j	gma-miR167j	miR19_R676_L21	20	50199543	50199608	+	2	gma-miR167j.v1;gma-miR167j.v2	miR669_R9_L22;miR83_R242_L20	2	0.09203979194833985	0.08997429305912596	1	0.028598534219691923	0.0
gma-miR167j	gma-miR167j-3p	miR371_R27_L21	20	50199543	50199608	+	1	gma-miR167j-3p.v1	miR852_R6_L20	1	-0.1925403641886262	0.0	0	nan	nan
gma-miR167l	gma-miR167l	miR83_R242_L20	3	39175586	39175677	+	1	gma-miR167l.v1	miR47_R363_L21	1	0.25851643622787723	0.04310344827586207	0	nan	nan
gma-miR168a	gma-miR168a	miR8_R731_L21	9	45827557	45827646	-	1	gma-miR168a.v1	miR584_R11_L20	1	0.0349643677304084	0.0	0	nan	nan
gma-miR168b	gma-miR168b		1	51399373	51399486	-	2	gma-miR168b.v1;gma-miR168b.v2	miR584_R11_L20;miR8_R731_L21	0	nan	nan	1	0.0349643677304084	0.0
gma-miR169a	gma-miR169a	miR85_R222_L21	9	40224259	40224342	+	3	gma-miR169a.v1;gma-miR169a.v2;gma-miR169a.v3	miR174_R90_L20;miR360_R27_L20;miR431_R20_L22	3	0.292632265407056	0.11160714285714286	3	0.12817167088661133	0.0
gma-miR169aa	gma-miR169aa	miR174_R90_L20	15	14409511	14409580	+	2	gma-miR169aa.v1;gma-miR169aa.v2	miR1308_R2_L21;miR163_R99_L22	2	0.1417882854842908	0.06466610312764158	1	-0.35782883135189714	0.01
gma-miR169ab	gma-miR169ab	miR174_R90_L20	15	14412186	14412261	+	2	gma-miR169ab.v1;gma-miR169ab.v2	miR1308_R2_L21;miR163_R99_L22	2	0.1417882854842908	0.06466610312764158	1	-0.35782883135189714	0.01
gma-miR169ac	gma-miR169ac	miR170_R95_L21	15	14423409	14423505	+	1	gma-miR169ac.v1	miR1181_R3_L20	1	-0.40649878103939296	0.0	0	nan	nan
gma-miR169c	gma-miR169c	miR170_R95_L21	9	5314425	5314522	+	1	gma-miR169c.v1	miR1181_R3_L20	1	-0.40649878103939296	0.0	0	nan	nan
gma-miR169d	gma-miR169d	miR1307_R2_L23	15	14391902	14391963	+	3	gma-miR169d.v1;gma-miR169d.v2;gma-miR169d.v3	miR1308_R2_L21;miR163_R99_L22;miR174_R90_L20	3	-0.0856028026541118	0.01098901098901099	3	0.12978062570144566	0.01098901098901099
gma-miR169e	gma-miR169e	miR174_R90_L20	15	14415108	14415165	+	2	gma-miR169e.v1;gma-miR169e.v2	miR1308_R2_L21;miR163_R99_L22	2	0.1417882854842908	0.06466610312764158	1	-0.35782883135189714	0.01
gma-miR169f	gma-miR169f	miR85_R222_L21	10	43437576	43437688	-	3	gma-miR169f.v1;gma-miR169f.v2;gma-miR169f.v3	miR119_R149_L21;miR174_R90_L20;miR360_R27_L20	3	0.4042537838652873	0.11160714285714286	3	0.2188560739607377	0.0
gma-miR169g	gma-miR169g	miR85_R222_L21	17	4634882	4634990	-	2	gma-miR169g.v1;gma-miR169g.v2	miR174_R90_L20;miR360_R27_L20	2	0.5447810245705242	0.25223214285714285	1	0.2188560739607377	0.14705882352941177
gma-miR169h	gma-miR169h		9	5301280	5301353	+	3	gma-miR169h.v1;gma-miR169h.v2;gma-miR169h.v3	miR1308_R2_L21;miR163_R99_L22;miR174_R90_L20	0	nan	nan	3	0.12978062570144566	0.01098901098901099
gma-miR169m	gma-miR169m	miR85_R222_L21	13	22270427	22270527	+	2	gma-miR169m.v1;gma-miR169m.v2	miR174_R90_L20;miR360_R27_L20	2	0.5447810245705242	0.25223214285714285	1	0.2188560739607377	0.14705882352941177
gma-miR169n	gma-miR169n-5p	miR137_R124_L21	15	14371590	14371694	+	2	gma-miR169n-5p.v1;gma-miR169n-5p.v2	miR132_R129_L21;miR655_R9_L22	2	0.5742458906332776	0.0	1	0.8387734076724869	0.0
gma-miR169o	gma-miR169o	miR66_R283_L22	13	22275071	22275151	+	1	gma-miR169o.v1	miR1104_R3_L21	1	0.7195349149675124	0.0	0	nan	nan
gma-miR169p	gma-miR169p	miR1308_R2_L21	15	14397027	14397106	+	2	gma-miR169p.v1;gma-miR169p.v2	miR1181_R3_L20;miR448_R18_L23	2	-0.15936798297270663	0.0	1	-0.20016111288674626	0.0
gma-miR169r	gma-miR169r	miR66_R283_L22	17	4630149	4630233	-	1	gma-miR169r.v1	miR1104_R3_L21	1	0.7195349149675124	0.0	0	nan	nan
gma-miR169s	gma-miR169s-5p		17	4637271	4637368	-	2	gma-miR169s-5p.v1;gma-miR169s-5p.v2	miR174_R90_L20;miR178_R88_L21	0	nan	nan	1	0.1657574839513442	0.028901734104046242
gma-miR169u	gma-miR169u	miR221_R62_L21	9	47137510	47137632	-	1	gma-miR169u.v1	miR360_R27_L20	1	0.08704849854458882	0.0	0	nan	nan
gma-miR169w	gma-miR169w	miR119_R149_L21	9	5318936	5319032	+	2	gma-miR169w.v1;gma-miR169w.v2	miR174_R90_L20;miR178_R88_L21	2	0.24984929922573187	0.0	1	0.1657574839513442	0.028901734104046242
gma-miR169y	gma-miR169y	miR174_R90_L20	9	5304413	5304482	+	2	gma-miR169y.v1;gma-miR169y.v2	miR1308_R2_L21;miR163_R99_L22	2	0.1417882854842908	0.06466610312764158	1	-0.35782883135189714	0.01
gma-miR171a	gma-miR171a		12	8548712	8548796	+	3	gma-miR171a.v1;gma-miR171a.v2;gma-miR171a.v3	miR271_R44_L22;miR523_R13_L21;miR524_R13_L20	0	nan	nan	3	0.47702445014312156	0.0
gma-miR171b	gma-miR171b-5p		4	51224207	51224280	+	2	gma-miR171b-5p.v1;gma-miR171b-5p.v2	miR128_R135_L22;miR529_R13_L23	0	nan	nan	1	0.22574771431863516	0.0
gma-miR171c	gma-miR171c-3p	miR142_R121_L21	7	45559602	45559685	-	1	gma-miR171c-3p.v1	miR40_R422_L21	1	0.5329520908358406	0.1288981288981289	0	nan	nan
gma-miR171f	gma-miR171f	miR40_R422_L21	15	8547121	8547196	-	1	gma-miR171f.v1	miR142_R121_L21	1	0.5329520908358406	0.1288981288981289	0	nan	nan
gma-miR171h	gma-miR171h		6	10905475	10905548	-	2	gma-miR171h.v1;gma-miR171h.v2	miR128_R135_L22;miR529_R13_L23	0	nan	nan	1	0.22574771431863516	0.0
gma-miR171i	gma-miR171i-3p		6	50248351	50248435	-	3	gma-miR171i-3p.v1;gma-miR171i-3p.v2;gma-miR171i-3p.v3	miR271_R44_L22;miR523_R13_L21;miR524_R13_L20	0	nan	nan	3	0.47702445014312156	0.0
gma-miR171k	gma-miR171k-3p	miR63_R300_L21	13	28641523	28641608	+	1	gma-miR171k-3p.v1	miR1084_R3_L22	1	0.4803782541003839	0.0	0	nan	nan
gma-miR171l	gma-miR171l-3p	miR63_R300_L21	17	8890396	8890481	-	1	gma-miR171l-3p.v1	miR1084_R3_L22	1	0.4803782541003839	0.0	0	nan	nan
gma-miR171o	gma-miR171o-3p	miR142_R121_L21	13	32879271	32879352	+	1	gma-miR171o-3p.v1	miR40_R422_L21	1	0.5329520908358406	0.1288981288981289	0	nan	nan
gma-miR171q	gma-miR171q	miR142_R121_L21	17	1022852	1022935	+	1	gma-miR171q.v1	miR40_R422_L21	1	0.5329520908358406	0.1288981288981289	0	nan	nan
gma-miR171r	gma-miR171r	miR209_R69_L21	4	51224524	51224602	+	1	gma-miR171r.v1	miR1006_R4_L20	1	0.4076563410019698	0.0	0	nan	nan
gma-miR171s	gma-miR171s	miR209_R69_L21	6	10905153	10905231	-	1	gma-miR171s.v1	miR1006_R4_L20	1	0.4076563410019698	0.0	0	nan	nan
gma-miR172a	gma-miR172a-5p	miR283_R41_L21	12	6200969	6201086	-	1	gma-miR172a-5p.v1	miR527_R13_L20	1	0.5550721232271699	0.0	0	nan	nan
gma-miR172b	gma-miR172b-5p	miR527_R13_L20	13	43045180	43045293	-	1	gma-miR172b-5p.v1	miR283_R41_L21	1	0.5550721232271699	0.0	0	nan	nan
gma-miR172f	gma-miR172f-5p	miR283_R41_L21	11	17049623	17049745	+	1	gma-miR172f-5p.v1	miR527_R13_L20	1	0.5550721232271699	0.0	0	nan	nan
gma-miR172i	gma-miR172i-3p	miR737_R7_L21	15	2973009	2973159	-	1	gma-miR172i-3p.v1	miR1003_R4_L21	1	-0.24377605163455698	0.0	0	nan	nan
gma-miR172l	gma-miR172l	miR737_R7_L21	13	44288043	44288198	+	1	gma-miR172l.v1	miR1003_R4_L21	1	-0.24377605163455698	0.0	0	nan	nan
gma-miR2109	gma-miR2109-3p	miR49_R362_L21	4	37996620	37996688	-	1	gma-miR2109-3p.v1	miR272_R44_L22	1	-0.02103380886521848	0.0	0	nan	nan
gma-miR2109	gma-miR2109-5p		4	37996617	37996691	-	2	gma-miR2109-5p.v1;gma-miR2109-5p.v2	miR43_R396_L21;miR607_R11_L22	0	nan	nan	1	0.05676247432353903	0.0
gma-miR2111a	gma-miR2111a	miR414_R22_L21	1	35185899	35185966	+	1	gma-miR2111a.v1	miR575_R12_L22	1	0.26602970694246564	0.0	0	nan	nan
gma-miR2111a	gma-miR2111a-5p	miR68_R282_L20	1	35185899	35185966	+	1	gma-miR2111a-5p.v1	miR354_R28_L21	1	0.325350127010975	0.0	0	nan	nan
gma-miR2111b	gma-miR2111b	miR354_R28_L21	18	48222124	48222189	-	1	gma-miR2111b.v1	miR68_R282_L20	1	0.325350127010975	0.0	0	nan	nan
gma-miR2111b	gma-miR2111b-3p	miR336_R31_L21	18	48222124	48222189	-	1	gma-miR2111b-3p.v1	miR372_R27_L22	1	0.5945783513147246	0.0	0	nan	nan
gma-miR2111c	gma-miR2111c	miR354_R28_L21	18	48250414	48250478	-	1	gma-miR2111c.v1	miR68_R282_L20	1	0.325350127010975	0.0	0	nan	nan
gma-miR2111e	gma-miR2111e	miR354_R28_L21	7	16424451	16424520	-	1	gma-miR2111e.v1	miR68_R282_L20	1	0.325350127010975	0.0	0	nan	nan
gma-miR2111e	gma-miR2111e-3p	miR336_R31_L21	7	16424451	16424520	-	1	gma-miR2111e-3p.v1	miR372_R27_L22	1	0.5945783513147246	0.0	0	nan	nan
gma-miR2111f	gma-miR2111f	miR354_R28_L21	7	16449012	16449076	-	1	gma-miR2111f.v1	miR68_R282_L20	1	0.325350127010975	0.0	0	nan	nan
gma-miR2111f	gma-miR2111f-3p	miR495_R15_L21	7	16448889	16449076	-	1	gma-miR2111f-3p.v1	miR780_R7_L22	1	-0.15754041867606852	0.0	0	nan	nan
gma-miR2111g	gma-miR2111g	miR125_R140_L21	1	35163434	35163498	+	1	gma-miR2111g.v1	miR252_R51_L20	1	0.7222166159717699	0.0	0	nan	nan
gma-miR2118a	gma-miR2118a-3p	miR381_R25_L21	20	40692154	40692258	+	1	gma-miR2118a-3p.v1	miR2_R756_L22	1	0.2657010823854355	0.0	0	nan	nan
gma-miR2118b	gma-miR2118b-3p	miR381_R25_L21	10	51698209	51698293	-	1	gma-miR2118b-3p.v1	miR2_R756_L22	1	0.2657010823854355	0.0	0	nan	nan
gma-miR2118b	gma-miR2118b-5p	miR18_R676_L22	10	51698208	51698459	-	3	gma-miR2118b-5p.v1;gma-miR2118b-5p.v2;gma-miR2118b-5p.v3	miR1062_R4_L23;miR1560_R2_L21;miR861_R6_L20	3	-0.15338620032091033	0.0	3	-0.11111111111111108	0.0
gma-miR319a	gma-miR319a	miR27_R544_L20	5	42494509	42494674	-	3	gma-miR319a.v1;gma-miR319a.v2;gma-miR319a.v3	miR127_R137_L21;miR210_R68_L22;miR820_R6_L21	3	0.7254555574275441	0.0	3	0.1219438985786243	0.0
gma-miR319b	gma-miR319b	miR27_R544_L20	8	1664543	1664709	-	3	gma-miR319b.v1;gma-miR319b.v2;gma-miR319b.v3	miR127_R137_L21;miR210_R68_L22;miR820_R6_L21	3	0.7254555574275441	0.0	3	0.1219438985786243	0.0
gma-miR319c	gma-miR319c	miR189_R77_L20	14	49272886	49273065	-	4	gma-miR319c.v1;gma-miR319c.v2;gma-miR319c.v3;gma-miR319c.v4	miR1263_R2_L22;miR1391_R2_L20;miR16_R686_L21;miR798_R6_L21	4	0.16050809261363697	0.0	6	-0.11111111111111108	0.0
gma-miR319e	gma-miR319e	miR27_R544_L20	14	51271067	51271236	+	6	gma-miR319e.v1;gma-miR319e.v2;gma-miR319e.v3;gma-miR319e.v4;gma-miR319e.v5;gma-miR319e.v6	miR127_R137_L21;miR1390_R2_L22;miR1391_R2_L20;miR580_R11_L22;miR726_R7_L21;miR820_R6_L21	6	0.14249327062687828	0.0	15	-0.1165153047060246	0.0
gma-miR319f	gma-miR319f	miR94_R198_L20	10	51436231	51436435	-	3	gma-miR319f.v1;gma-miR319f.v2;gma-miR319f.v3	miR145_R119_L21;miR487_R15_L22;miR621_R10_L21	3	0.14529232090096372	0.0	3	0.006043316607168364	0.0
gma-miR319h	gma-miR319h	miR127_R137_L21	2	46228456	46228627	+	5	gma-miR319h.v1;gma-miR319h.v2;gma-miR319h.v3;gma-miR319h.v4;gma-miR319h.v5	miR1390_R2_L22;miR27_R544_L20;miR580_R11_L22;miR726_R7_L21;miR820_R6_L21	5	0.013899298451916106	0.0	10	-0.15117096132614066	0.0
gma-miR319j	gma-miR319j	miR127_R137_L21	11	1401956	1402122	+	5	gma-miR319j.v1;gma-miR319j.v2;gma-miR319j.v3;gma-miR319j.v4;gma-miR319j.v5	miR1390_R2_L22;miR1391_R2_L20;miR210_R68_L22;miR27_R544_L20;miR820_R6_L21	5	0.3447255756545466	0.0	10	0.14249327062687828	0.0
gma-miR319k	gma-miR319k	miR127_R137_L21	11	34347184	34347355	+	4	gma-miR319k.v1;gma-miR319k.v2;gma-miR319k.v3;gma-miR319k.v4	miR1390_R2_L22;miR210_R68_L22;miR27_R544_L20;miR820_R6_L21	4	0.3696774279397301	0.0036231884057971015	6	0.14249327062687828	0.0
gma-miR319l	gma-miR319l	miR1263_R2_L22	17	9222554	9222626	-	3	gma-miR319l.v1;gma-miR319l.v2;gma-miR319l.v3	miR114_R155_L21;miR16_R686_L21;miR73_R274_L21	3	0.07955679443465949	0.0	3	-0.032503735174329945	0.19630156472261737
gma-miR319m	gma-miR319m	miR127_R137_L21	18	4372747	4372918	-	4	gma-miR319m.v1;gma-miR319m.v2;gma-miR319m.v3;gma-miR319m.v4	miR1390_R2_L22;miR210_R68_L22;miR27_R544_L20;miR820_R6_L21	4	0.3696774279397301	0.0036231884057971015	6	0.14249327062687828	0.0
gma-miR319n	gma-miR319n	miR52_R336_L21	13	29439233	29439298	-	1	gma-miR319n.v1	miR1245_R2_L21	1	0.2892178565960299	0.0	0	nan	nan
gma-miR319p	gma-miR319p	miR114_R155_L21	6	22631755	22631820	+	3	gma-miR319p.v1;gma-miR319p.v2;gma-miR319p.v3	miR189_R77_L20;miR679_R8_L21;miR73_R274_L21	3	-0.3224009482939635	0.0	3	-0.4633642719929997	0.0
gma-miR319q	gma-miR319q	miR16_R686_L21	2	44389170	44389340	+	4	gma-miR319q.v1;gma-miR319q.v2;gma-miR319q.v3;gma-miR319q.v4	miR1263_R2_L22;miR1391_R2_L20;miR189_R77_L20;miR798_R6_L21	4	0.05298576289459638	0.0	6	-0.11111111111111108	0.0
gma-miR319r	gma-miR319r	miR94_R198_L20	20	41018503	41018701	+	3	gma-miR319r.v1;gma-miR319r.v2;gma-miR319r.v3	miR145_R119_L21;miR487_R15_L22;miR621_R10_L21	3	0.14529232090096372	0.0	3	0.006043316607168364	0.0
gma-miR3522	gma-miR3522		15	4410283	4410352	+	3	gma-miR3522.v1;gma-miR3522.v2;gma-miR3522.v3	miR11_R707_L21;miR1310_R2_L22;miR1311_R2_L20	0	nan	nan	3	0.2517871497074388	0.0
gma-miR390a	gma-miR390a-5p	miR6_R742_L21	3	6250396	6250473	-	1	gma-miR390a-5p.v1	miR1034_R4_L20	1	0.3453432114296082	0.0	0	nan	nan
gma-miR390c	gma-miR390c-5p	miR6_R742_L21	1	45662145	45662222	+	1	gma-miR390c-5p.v1	miR1034_R4_L20	1	0.3453432114296082	0.0	0	nan	nan
gma-miR390e	gma-miR390e		18	51539035	51539140	+	2	gma-miR390e.v1;gma-miR390e.v2	miR1034_R4_L20;miR6_R742_L21	0	nan	nan	1	0.3453432114296082	0.0
gma-miR390f	gma-miR390f	miR6_R742_L21	11	20906421	20906497	-	1	gma-miR390f.v1	miR1034_R4_L20	1	0.3453432114296082	0.0	0	nan	nan
gma-miR390f	gma-miR390f-3p	miR220_R62_L21	11	20906425	20906493	-	1	gma-miR390f-3p.v1	miR1014_R4_L21	1	0.09878091339043829	0.0	0	nan	nan
gma-miR390g	gma-miR390g	miR6_R742_L21	18	5153084	5153161	-	1	gma-miR390g.v1	miR1034_R4_L20	1	0.3453432114296082	0.0	0	nan	nan
gma-miR390g	gma-miR390g-3p	miR220_R62_L21	18	5153088	5153157	-	1	gma-miR390g-3p.v1	miR1014_R4_L21	1	0.09878091339043829	0.0	0	nan	nan
gma-miR391	gma-miR391-5p	miR996_R4_L22	13	43486661	43486754	+	2	gma-miR391-5p.v1;gma-miR391-5p.v2	miR297_R39_L21;miR76_R271_L21	2	0.3670524006641123	0.0	1	0.5617045007641814	0.0
gma-miR393a	gma-miR393a	miR122_R145_L21	11	38066951	38067052	+	1	gma-miR393a.v1	miR95_R196_L22	1	0.23252339019130386	0.0	0	nan	nan
gma-miR393a	gma-miR393a-3p	miR191_R76_L21	11	38066951	38067052	+	1	gma-miR393a-3p.v1	miR555_R12_L21	1	0.5985881129892227	0.0	0	nan	nan
gma-miR393c	gma-miR393c-3p	miR191_R76_L21	2	47653203	47653298	-	1	gma-miR393c-3p.v1	miR555_R12_L21	1	0.5985881129892227	0.0	0	nan	nan
gma-miR393c	gma-miR393c-5p	miR95_R196_L22	2	47653203	47653298	-	1	gma-miR393c-5p.v1	miR122_R145_L21	1	0.23252339019130386	0.0	0	nan	nan
gma-miR393d	gma-miR393d	miR95_R196_L22	10	27972758	27972859	-	1	gma-miR393d.v1	miR122_R145_L21	1	0.23252339019130386	0.0	0	nan	nan
gma-miR393d	gma-miR393d-3p	miR191_R76_L21	10	27972758	27972859	-	1	gma-miR393d-3p.v1	miR555_R12_L21	1	0.5985881129892227	0.0	0	nan	nan
gma-miR393e	gma-miR393e	miR95_R196_L22	14	5047340	5047463	+	1	gma-miR393e.v1	miR122_R145_L21	1	0.23252339019130386	0.0	0	nan	nan
gma-miR393e	gma-miR393e-3p	miR191_R76_L21	14	5047340	5047463	+	1	gma-miR393e-3p.v1	miR555_R12_L21	1	0.5985881129892227	0.0	0	nan	nan
gma-miR393f	gma-miR393f	miR95_R196_L22	18	2517544	2517644	-	1	gma-miR393f.v1	miR122_R145_L21	1	0.23252339019130386	0.0	0	nan	nan
gma-miR393f	gma-miR393f-3p	miR191_R76_L21	18	2517544	2517644	-	1	gma-miR393f-3p.v1	miR555_R12_L21	1	0.5985881129892227	0.0	0	nan	nan
gma-miR393h	gma-miR393h	miR86_R220_L22	9	35972247	35972370	+	4	gma-miR393h.v1;gma-miR393h.v2;gma-miR393h.v3;gma-miR393h.v4	miR122_R145_L21;miR1333_R2_L20;miR794_R6_L21;miR84_R223_L22	4	0.4281823872982389	0.0	6	0.5658587844286868	0.0
gma-miR393h	gma-miR393h-3p	miR244_R53_L21	9	35972247	35972370	+	1	gma-miR393h-3p.v1	miR1460_R2_L21	1	0.5585610857460852	0.0	0	nan	nan
gma-miR393i	gma-miR393i	miR86_R220_L22	10	48960361	48960477	+	4	gma-miR393i.v1;gma-miR393i.v2;gma-miR393i.v3;gma-miR393i.v4	miR122_R145_L21;miR1333_R2_L20;miR794_R6_L21;miR84_R223_L22	4	0.4281823872982389	0.0	6	0.5658587844286868	0.0
gma-miR393j	gma-miR393j	miR86_R220_L22	16	35033647	35033777	+	4	gma-miR393j.v1;gma-miR393j.v2;gma-miR393j.v3;gma-miR393j.v4	miR122_R145_L21;miR1333_R2_L20;miR794_R6_L21;miR84_R223_L22	4	0.4281823872982389	0.0	6	0.5658587844286868	0.0
gma-miR393j	gma-miR393j-3p	miR244_R53_L21	16	35033647	35033777	+	1	gma-miR393j-3p.v1	miR1460_R2_L21	1	0.5585610857460852	0.0	0	nan	nan
gma-miR393k	gma-miR393k	miR86_R220_L22	20	44106517	44106635	-	4	gma-miR393k.v1;gma-miR393k.v2;gma-miR393k.v3;gma-miR393k.v4	miR122_R145_L21;miR1333_R2_L20;miR794_R6_L21;miR84_R223_L22	4	0.4281823872982389	0.0	6	0.5658587844286868	0.0
gma-miR394a	gma-miR394a-3p		17	42219830	42219913	+	2	gma-miR394a-3p.v1;gma-miR394a-3p.v2	miR432_R20_L20;miR480_R16_L21	0	nan	nan	1	0.5481073466884785	0.0
gma-miR394b	gma-miR394b-3p	miR432_R20_L20	14	52749233	52749313	+	1	gma-miR394b-3p.v1	miR480_R16_L21	1	0.5481073466884785	0.0	0	nan	nan
gma-miR394d	gma-miR394d	miR22_R605_L20	15	3862976	3863037	+	1	gma-miR394d.v1	miR959_R4_L21	1	-0.2702419126653558	0.0	0	nan	nan
gma-miR395a	gma-miR395a	miR183_R85_L21	1	5394927	5395190	+	2	gma-miR395a.v1;gma-miR395a.v2	miR332_R31_L20;miR79_R247_L21	2	0.533823188682253	0.14271186440677966	1	0.5442563028874167	0.08171206225680934
gma-miR395b	gma-miR395b	miR183_R85_L21	2	1768521	1768600	-	2	gma-miR395b.v1;gma-miR395b.v2	miR332_R31_L20;miR79_R247_L21	2	0.533823188682253	0.14271186440677966	1	0.5442563028874167	0.08171206225680934
gma-miR395c	gma-miR395c	miR183_R85_L21	8	43539690	43539766	+	2	gma-miR395c.v1;gma-miR395c.v2	miR332_R31_L20;miR79_R247_L21	2	0.533823188682253	0.14271186440677966	1	0.5442563028874167	0.08171206225680934
gma-miR395i	gma-miR395i		1	5374215	5374300	-	2	gma-miR395i.v1;gma-miR395i.v2	miR332_R31_L20;miR65_R287_L21	0	nan	nan	1	0.22568110897256827	0.0707070707070707
gma-miR395j	gma-miR395j		1	5387128	5387222	-	2	gma-miR395j.v1;gma-miR395j.v2	miR332_R31_L20;miR65_R287_L21	0	nan	nan	1	0.22568110897256827	0.0707070707070707
gma-miR395k	gma-miR395k		1	5389598	5389693	-	2	gma-miR395k.v1;gma-miR395k.v2	miR332_R31_L20;miR79_R247_L21	0	nan	nan	1	0.5442563028874167	0.08171206225680934
gma-miR395l	gma-miR395l		2	1781428	1781528	+	2	gma-miR395l.v1;gma-miR395l.v2	miR332_R31_L20;miR65_R287_L21	0	nan	nan	1	0.22568110897256827	0.0707070707070707
gma-miR395m	gma-miR395m		2	1795681	1795747	+	2	gma-miR395m.v1;gma-miR395m.v2	miR332_R31_L20;miR65_R287_L21	0	nan	nan	1	0.22568110897256827	0.0707070707070707
gma-miR395o	gma-miR395o	miR79_R247_L21	2	1775772	1775859	+	1	gma-miR395o.v1	miR332_R31_L20	1	0.5442563028874167	0.08171206225680934	0	nan	nan
gma-miR395q	gma-miR395q	miR287_R40_L21	2	1808525	1808624	+	1	gma-miR395q.v1	miR332_R31_L20	1	-0.4019920821821524	0.014285714285714285	0	nan	nan
gma-miR395r	gma-miR395r	miR65_R287_L21	2	1814450	1814543	+	2	gma-miR395r.v1;gma-miR395r.v2	miR287_R40_L21;miR332_R31_L20	2	0.1511501305816159	0.09720920545662814	1	-0.4019920821821524	0.014285714285714285
gma-miR395u	gma-miR395u	miR190_R76_L21	18	15751239	15751319	-	1	gma-miR395u.v1	miR306_R36_L21	1	0.958076390635525	0.0	0	nan	nan
gma-miR395v	gma-miR395v	miR65_R287_L21	8	43537995	43538082	-	2	gma-miR395v.v1;gma-miR395v.v2	miR287_R40_L21;miR332_R31_L20	2	0.1511501305816159	0.09720920545662814	1	-0.4019920821821524	0.014285714285714285
gma-miR395w	gma-miR395w	miR287_R40_L21	1	5364735	5364833	-	1	gma-miR395w.v1	miR332_R31_L20	1	-0.4019920821821524	0.014285714285714285	0	nan	nan
gma-miR395x	gma-miR395x	miR65_R287_L21	2	1804291	1804374	+	1	gma-miR395x.v1	miR332_R31_L20	1	0.22568110897256827	0.0707070707070707	0	nan	nan
gma-miR396a	gma-miR396a-5p	miR28_R539_L21	13	28708511	28708613	-	1	gma-miR396a-5p.v1	miR89_R212_L20	1	-0.18222663981753123	0.05034965034965035	0	nan	nan
gma-miR396b	gma-miR396b-5p	miR20_R668_L21	13	28700314	28700402	+	1	gma-miR396b-5p.v1	miR89_R212_L20	1	0.7390386907337076	0.17489986648865152	0	nan	nan
gma-miR396c	gma-miR396c	miR20_R668_L21	13	46448941	46449017	+	1	gma-miR396c.v1	miR89_R212_L20	1	0.7390386907337076	0.17489986648865152	0	nan	nan
gma-miR396e	gma-miR396e		17	35759190	35759293	-	2	gma-miR396e.v1;gma-miR396e.v2	miR28_R539_L21;miR89_R212_L20	0	nan	nan	1	-0.18222663981753123	0.05034965034965035
gma-miR396f	gma-miR396f-5p	miR20_R668_L21	15	633052	633128	-	1	gma-miR396f-5p.v1	miR89_R212_L20	1	0.7390386907337076	0.17489986648865152	0	nan	nan
gma-miR396h	gma-miR396h		14	14012195	14012302	+	2	gma-miR396h.v1;gma-miR396h.v2	miR28_R539_L21;miR89_R212_L20	0	nan	nan	1	-0.18222663981753123	0.05034965034965035
gma-miR396i	gma-miR396i-5p	miR28_R539_L21	17	8833547	8833649	+	1	gma-miR396i-5p.v1	miR89_R212_L20	1	-0.18222663981753123	0.05034965034965035	0	nan	nan
gma-miR396j	gma-miR396j	miR67_R283_L21	16	32126646	32126756	-	1	gma-miR396j.v1	miR868_R6_L21	1	0.18708424406014215	0.0	0	nan	nan
gma-miR396k	gma-miR396k-5p	miR20_R668_L21	17	8841730	8841818	-	1	gma-miR396k-5p.v1	miR89_R212_L20	1	0.7390386907337076	0.17489986648865152	0	nan	nan
gma-miR396l	gma-miR396l	miR67_R283_L21	14	14012195	14012302	+	1	gma-miR396l.v1	miR868_R6_L21	1	0.18708424406014215	0.0	0	nan	nan
gma-miR396m	gma-miR396m	miR67_R283_L21	17	35759190	35759293	-	1	gma-miR396m.v1	miR868_R6_L21	1	0.18708424406014215	0.0	0	nan	nan
gma-miR397a	gma-miR397a	miR134_R126_L21	8	4662112	4662357	-	2	gma-miR397a.v1;gma-miR397a.v2	miR106_R169_L21;miR751_R7_L20	2	0.42052463006619295	0.0	1	0.19378312696454073	0.005714285714285714
gma-miR397b	gma-miR397b-3p	miR641_R9_L21	13	36660527	36660628	-	1	gma-miR397b-3p.v1	miR789_R6_L21	1	-0.009659554549866944	0.0	0	nan	nan
gma-miR397b	gma-miR397b-5p	miR134_R126_L21	13	36660525	36660630	-	2	gma-miR397b-5p.v1;gma-miR397b-5p.v2	miR106_R169_L21;miR751_R7_L20	2	0.42052463006619295	0.0	1	0.19378312696454073	0.005714285714285714
gma-miR398a	gma-miR398a	miR382_R25_L21	1	7783686	7783776	-	1	gma-miR398a.v1	miR35_R452_L21	1	0.7440264279981077	0.0	0	nan	nan
gma-miR398b	gma-miR398b-3p	miR382_R25_L21	2	11184393	11184486	-	1	gma-miR398b-3p.v1	miR35_R452_L21	1	0.7440264279981077	0.0	0	nan	nan
gma-miR398b	gma-miR398b-5p	miR92_R206_L22	2	11184394	11184485	-	1	gma-miR398b-5p.v1	miR619_R10_L22	1	-0.052364149952170314	0.0	0	nan	nan
gma-miR399a	gma-miR399a-5p	miR263_R48_L21	10	49386490	49386561	+	1	gma-miR399a-5p.v1	miR1071_R4_L22	1	-0.2476393166674754	0.0	0	nan	nan
gma-miR399c	gma-miR399c-5p	miR263_R48_L21	20	43679601	43679672	-	1	gma-miR399c-5p.v1	miR1071_R4_L22	1	-0.2476393166674754	0.0	0	nan	nan
gma-miR399l	gma-miR399l-5p	miR671_R9_L22	9	38578460	38578567	+	1	gma-miR399l-5p.v1	miR1195_R3_L21	1	-0.13886498168690628	0.0	0	nan	nan
gma-miR399n	gma-miR399n-5p	miR671_R9_L22	16	36387903	36388008	+	1	gma-miR399n-5p.v1	miR1195_R3_L21	1	-0.13886498168690628	0.0	0	nan	nan
gma-miR403a	gma-miR403a	miR57_R322_L21	2	1079870	1079944	+	1	gma-miR403a.v1	miR638_R9_L20	1	0.008147466943383017	0.0	0	nan	nan
gma-miR403b	gma-miR403b	miR57_R322_L21	10	1243576	1243640	+	1	gma-miR403b.v1	miR638_R9_L20	1	0.008147466943383017	0.0	0	nan	nan
gma-miR408a	gma-miR408a-3p	miR5_R745_L21	2	865044	865153	+	1	gma-miR408a-3p.v1	miR484_R15_L21	1	0.3044099794104993	0.0	0	nan	nan
gma-miR408b	gma-miR408b-3p	miR5_R745_L21	3	44481321	44481437	-	1	gma-miR408b-3p.v1	miR484_R15_L21	1	0.3044099794104993	0.0	0	nan	nan
gma-miR408c	gma-miR408c-3p	miR5_R745_L21	10	39588095	39588206	-	1	gma-miR408c-3p.v1	miR484_R15_L21	1	0.3044099794104993	0.0	0	nan	nan
gma-miR4345	gma-miR4345	miR569_R12_L22	14	52663400	52663484	-	3	gma-miR4345.v1;gma-miR4345.v2;gma-miR4345.v3	miR1491_R2_L24;miR511_R14_L21;miR844_R6_L22	3	0.420801100495726	0.0	3	-0.1797178576572236	0.0
gma-miR4348h	gma-miR4348h	miR1247_R2_L22	1	6828131	6828365	-	1	gma-miR4348h.v1	miR1248_R2_L21	1	-0.14045016193339735	0.0	0	nan	nan
gma-miR4397	gma-miR4397-3p	miR91_R209_L22	4	39627750	39627874	-	1	gma-miR4397-3p.v1	miR1110_R3_L20	1	-0.10352095255938984	0.0	0	nan	nan
gma-miR4412	gma-miR4412-5p	miR24_R598_L21	4	38043146	38043229	-	2	gma-miR4412-5p.v1;gma-miR4412-5p.v2	miR365_R27_L22;miR880_R5_L20	2	-0.37718569532045454	0.0	1	-0.11111111111111108	0.0
gma-miR4413a	gma-miR4413a		19	1805124	1805203	+	3	gma-miR4413a.v1;gma-miR4413a.v2;gma-miR4413a.v3	miR32_R482_L21;miR370_R27_L22;miR562_R12_L20	0	nan	nan	3	0.1455423455049261	0.0
gma-miR4413b	gma-miR4413b	miR562_R12_L20	13	17521085	17521142	-	2	gma-miR4413b.v1;gma-miR4413b.v2	miR1130_R3_L21;miR1583_R2_L20	2	-0.20702451484380585	0.0	1	-0.1111111111111111	0.0
gma-miR4413e	gma-miR4413e	miR562_R12_L20	19	1805120	1805197	-	2	gma-miR4413e.v1;gma-miR4413e.v2	miR32_R482_L21;miR370_R27_L22	2	0.1759461880108623	0.011387163561076604	1	0.1455423455049261	0.0
gma-miR4414d	gma-miR4414d	miR421_R21_L20	14	51271087	51271130	+	1	gma-miR4414d.v1	miR1469_R2_L21	1	0.6192250257185172	0.0	0	nan	nan
gma-miR4415a	gma-miR4415a-3p	miR71_R276_L21	18	58834523	58834681	+	2	gma-miR4415a-3p.v1;gma-miR4415a-3p.v2	miR426_R20_L20;miR481_R16_L22	2	0.03210705162708055	0.0	1	-0.14753892661975748	0.0
gma-miR4415b	gma-miR4415b-3p	miR71_R276_L21	8	23311960	23312328	+	2	gma-miR4415b-3p.v1;gma-miR4415b-3p.v2	miR426_R20_L20;miR481_R16_L22	2	0.03210705162708055	0.0	1	-0.14753892661975748	0.0
gma-miR4416a	gma-miR4416a		19	42268874	42268985	-	3	gma-miR4416a.v1;gma-miR4416a.v2;gma-miR4416a.v3	miR223_R61_L21;miR490_R15_L22;miR90_R211_L21	0	nan	nan	3	-0.2832534366045092	0.0
gma-miR4416b	gma-miR4416b	miR175_R89_L21	3	37970326	37970451	-	2	gma-miR4416b.v1;gma-miR4416b.v2	miR250_R51_L21;miR438_R19_L22	2	0.07794775545111308	0.0	1	-0.31204272703287445	0.0
gma-miR482a	gma-miR482a-3p		2	7881451	7881523	+	2	gma-miR482a-3p.v1;gma-miR482a-3p.v2	miR37_R447_L22;miR971_R4_L21	0	nan	nan	1	-0.1559798371259523	0.0
gma-miR482a	gma-miR482a-5p	miR29_R528_L21	2	7881451	7881523	+	4	gma-miR482a-5p.v1;gma-miR482a-5p.v2;gma-miR482a-5p.v3;gma-miR482a-5p.v4	miR1558_R2_L21;miR392_R25_L22;miR539_R13_L20;miR714_R8_L22	4	0.18881685193564945	0.0	6	-0.1111111111111111	0.0
gma-miR482b	gma-miR482b-3p	miR15_R694_L22	20	40703089	40703155	+	1	gma-miR482b-3p.v1	miR804_R6_L21	1	-0.09959760451975024	0.0	0	nan	nan
gma-miR482c	gma-miR482c-3p	miR971_R4_L21	18	59804204	59804272	-	1	gma-miR482c-3p.v1	miR37_R447_L22	1	-0.1559798371259523	0.0	0	nan	nan
gma-miR482c	gma-miR482c-5p	miR96_R196_L21	18	59804203	59804273	-	2	gma-miR482c-5p.v1;gma-miR482c-5p.v2	miR1558_R2_L21;miR539_R13_L20	2	0.41613991062352906	0.004830917874396135	1	0.12592686412461473	0.0
gma-miR482d	gma-miR482d-3p	miR15_R694_L22	10	51693811	51693877	-	1	gma-miR482d-3p.v1	miR804_R6_L21	1	-0.09959760451975024	0.0	0	nan	nan
gma-miR482d	gma-miR482d-5p	miR525_R13_L22	10	51693811	51693877	-	3	gma-miR482d-5p.v1;gma-miR482d-5p.v2;gma-miR482d-5p.v3	miR1557_R2_L21;miR408_R22_L21;miR708_R8_L20	3	-0.04331118962757069	0.0	3	-0.0984744854161219	0.0
gma-miR482e	gma-miR482e	miR408_R22_L21	20	40703089	40703155	+	2	gma-miR482e.v1;gma-miR482e.v2	miR525_R13_L22;miR708_R8_L20	2	-0.25791330055070605	0.0	1	-0.04331118962757069	0.0
gma-miR4996	gma-miR4996	miR812_R6_L20	15	5498177	5498341	+	4	gma-miR4996.v1;gma-miR4996.v2;gma-miR4996.v3;gma-miR4996.v4	miR14_R704_L21;miR1587_R2_L22;miR369_R27_L22;miR508_R14_L21	4	-0.06680724208855342	0.0	6	-0.14599951273229317	0.0
gma-miR5037a	gma-miR5037a	miR1373_R2_L22	8	49752936	49753016	+	1	gma-miR5037a.v1	miR62_R307_L21	1	0.2391795994709639	0.0	0	nan	nan
gma-miR5037c	gma-miR5037c	miR456_R18_L20	8	49763318	49763560	+	2	gma-miR5037c.v1;gma-miR5037c.v2	miR464_R17_L21;miR938_R5_L21	2	0.4872019544208235	0.0	1	0.33496859575155635	0.0
gma-miR5037f	gma-miR5037f	miR1373_R2_L22	18	59999549	59999626	-	1	gma-miR5037f.v1	miR62_R307_L21	1	0.2391795994709639	0.0	0	nan	nan
gma-miR5038a	gma-miR5038a	miR143_R120_L21	9	32570959	32571031	+	3	gma-miR5038a.v1;gma-miR5038a.v2;gma-miR5038a.v3	miR299_R38_L20;miR415_R22_L21;miR920_R5_L21	3	0.35588128800383434	0.0	3	-0.14495052567111175	0.0
gma-miR5038b	gma-miR5038b	miR143_R120_L21	9	32581966	32582038	+	3	gma-miR5038b.v1;gma-miR5038b.v2;gma-miR5038b.v3	miR299_R38_L20;miR415_R22_L21;miR920_R5_L21	3	0.35588128800383434	0.0	3	-0.14495052567111175	0.0
gma-miR5038c	gma-miR5038c	miR143_R120_L21	9	32578326	32578398	+	3	gma-miR5038c.v1;gma-miR5038c.v2;gma-miR5038c.v3	miR299_R38_L20;miR415_R22_L21;miR920_R5_L21	3	0.35588128800383434	0.0	3	-0.14495052567111175	0.0
gma-miR5044	gma-miR5044	miR951_R5_L22	18	59999549	59999626	-	2	gma-miR5044.v1;gma-miR5044.v2	miR1001_R4_L20;miR1203_R3_L21	2	-0.11111111111111108	0.0	1	-0.11111111111111108	0.0
gma-miR5225	gma-miR5225-3p	miR816_R6_L21	19	1937912	1938007	+	1	gma-miR5225-3p.v1	miR890_R5_L20	1	0.008183481423635092	0.0	0	nan	nan
gma-miR5671a	gma-miR5671a	miR77_R258_L21	11	34233565	34233664	-	1	gma-miR5671a.v1	miR748_R7_L22	1	-0.22534190037854313	0.0	0	nan	nan
gma-miR5671b	gma-miR5671b-5p	miR77_R258_L21	18	4434364	4434580	+	1	gma-miR5671b-5p.v1	miR748_R7_L22	1	-0.22534190037854313	0.0	0	nan	nan
gma-miR5770a	gma-miR5770a	miR50_R343_L21	18	48914096	48914322	-	3	gma-miR5770a.v1;gma-miR5770a.v2;gma-miR5770a.v3	miR130_R134_L21;miR182_R86_L22;miR946_R5_L22	3	0.07008784625328049	0.0	3	0.10131789872760223	0.0
gma-miR5770b	gma-miR5770b	miR147_R118_L21	7	16776410	16776650	-	4	gma-miR5770b.v1;gma-miR5770b.v2;gma-miR5770b.v3;gma-miR5770b.v4	miR1075_R3_L21;miR203_R71_L21;miR866_R6_L22;miR872_R5_L21	4	-0.07756559003788456	0.0	6	-0.12983938329182287	0.0
gma-miR5776	gma-miR5776	miR396_R24_L21	5	3452183	3452401	-	1	gma-miR5776.v1	miR1290_R2_L21	1	0.15746106013554984	0.0	0	nan	nan
gma-miR862a	gma-miR862a		18	59968126	59968195	-	2	gma-miR862a.v1;gma-miR862a.v2	miR1005_R4_L20;miR224_R61_L21	0	nan	nan	1	0.2666180645193935	0.031746031746031744
gma-miR862a	gma-miR862a-5p	miR345_R29_L21	18	59968127	59968194	-	2	gma-miR862a-5p.v1;gma-miR862a-5p.v2	miR384_R25_L22;miR385_R25_L21	2	0.1932909673937081	0.0	1	-0.06349214758647265	0.0
gma-miR862b	gma-miR862b		8	49768895	49768978	+	3	gma-miR862b.v1;gma-miR862b.v2;gma-miR862b.v3	miR1005_R4_L20;miR1296_R2_L21;miR158_R102_L21	0	nan	nan	3	-0.054417509317534446	0.0
gma-miR862b	gma-miR862b-5p	miR345_R29_L21	8	49768896	49768977	+	2	gma-miR862b-5p.v1;gma-miR862b-5p.v2	miR384_R25_L22;miR385_R25_L21	2	0.1932909673937081	0.0	1	-0.06349214758647265	0.0
gma-miR9724b	gma-miR9724b	miR503_R14_L21	10	47675782	47675915	-	1	gma-miR9724b.v1	miR653_R9_L22	1	0.8015344288716582	0.0	0	nan	nan
gma-miR9724c	gma-miR9724c	miR503_R14_L21	9	1353437	1353527	-	1	gma-miR9724c.v1	miR653_R9_L22	1	0.8015344288716582	0.0	0	nan	nan
gma-miR9750	gma-miR9750-5p	miR837_R6_L22	6	14511140	14511289	-	1	gma-miR9750-5p.v1	miR1584_R2_L20	1	-0.16664541222971652	0.0	0	nan	nan
gma-miR9755	gma-miR9755	miR582_R11_L21	1	25160577	25160644	-	1	gma-miR9755.v1	miR1510_R2_L20	1	0.024987517344637312	0.0	0	nan	nan
gma-miR9762	gma-miR9762		2	42641406	42641487	+	2	gma-miR9762.v1;gma-miR9762.v2	miR1036_R4_L22;miR342_R30_L22	0	nan	nan	1	0.08030402505349615	0.0
gma-miR9765	gma-miR9765	miR733_R7_L22	10	3738810	3738881	+	1	gma-miR9765.v1	miR1486_R2_L21	1	0.7534677234406272	0.0	0	nan	nan
gma_miRNC0002a	gma_miRNC0002a	miR468_R17_L22	1	1085025	1085116	+	1	gma_miRNC0002a.v1	miR1340_R2_L21	1	0.2004752487942501	0.0	0	nan	nan
gma_miRNC0002c	gma_miRNC0002c	miR468_R17_L22	5	25066316	25066407	+	1	gma_miRNC0002c.v1	miR1340_R2_L21	1	0.2004752487942501	0.0	0	nan	nan
gma_miRNC0002d	gma_miRNC0002d	miR468_R17_L22	8	39161443	39161534	+	1	gma_miRNC0002d.v1	miR1340_R2_L21	1	0.2004752487942501	0.0	0	nan	nan
gma_miRNC0002g	gma_miRNC0002g	miR468_R17_L22	8	39159201	39159292	-	1	gma_miRNC0002g.v1	miR1340_R2_L21	1	0.2004752487942501	0.0	0	nan	nan
gma_miRNC0006a	gma_miRNC0006a	miR1167_R3_L21	12	27125089	27125135	-	1	gma_miRNC0006a.v1	miR1479_R2_L20	1	0.9999999999999997	0.0	0	nan	nan
gma_miRNC0012b	gma_miRNC0012b	miR476_R16_L21	6	38774667	38774812	+	1	gma_miRNC0012b.v1	miR974_R4_L21	1	0.7909203899800911	0.05263157894736842	0	nan	nan
gma_miRNC0012c	gma_miRNC0012c	miR476_R16_L21	6	38754079	38754224	-	1	gma_miRNC0012c.v1	miR974_R4_L21	1	0.7909203899800911	0.05263157894736842	0	nan	nan
gma_miRNC0012d	gma_miRNC0012d	miR476_R16_L21	6	38783353	38783498	-	1	gma_miRNC0012d.v1	miR974_R4_L21	1	0.7909203899800911	0.05263157894736842	0	nan	nan
gma_miRNC0012e	gma_miRNC0012e	miR476_R16_L21	20	38240791	38240936	+	1	gma_miRNC0012e.v1	miR974_R4_L21	1	0.7909203899800911	0.05263157894736842	0	nan	nan
gma_miRNC0013b	gma_miRNC0013b	miR333_R31_L21	7	18566711	18566937	+	2	gma_miRNC0013b.v1;gma_miRNC0013b.v2	miR1136_R3_L20;miR585_R11_L20	2	-0.057296972372212686	0.0	1	-0.11111111111111109	0.0
gma_miRNC0013d	gma_miRNC0013d	miR333_R31_L21	16	19672330	19672447	-	2	gma_miRNC0013d.v1;gma_miRNC0013d.v2	miR1136_R3_L20;miR585_R11_L20	2	-0.057296972372212686	0.0	1	-0.11111111111111109	0.0
gma_miRNC0017b	gma_miRNC0017b	miR148_R115_L22	3	4625690	4625783	-	1	gma_miRNC0017b.v1	miR405_R23_L21	1	0.46181676481086875	0.0	0	nan	nan
gma_miRNC0024a	gma_miRNC0024a	miR628_R10_L21	22	440999	441138	+	1	gma_miRNC0024a.v1	miR1586_R2_L22	1	0.9995918041450369	0.0	0	nan	nan
gma_miRNC0024b	gma_miRNC0024b	miR628_R10_L21	22	102518	102657	-	1	gma_miRNC0024b.v1	miR1586_R2_L22	1	0.9995918041450369	0.0	0	nan	nan
gma_miRNC0024c	gma_miRNC0024c	miR628_R10_L21	22	351051	351190	-	1	gma_miRNC0024c.v1	miR1586_R2_L22	1	0.9995918041450369	0.0	0	nan	nan
gma_miRNC0032a	gma_miRNC0032a	miR932_R5_L22	3	24961374	24961626	-	1	gma_miRNC0032a.v1	miR998_R4_L22	1	0.6796184414970792	0.0	0	nan	nan
gma_miRNC0032b	gma_miRNC0032b	miR932_R5_L22	5	33925222	33925474	-	1	gma_miRNC0032b.v1	miR998_R4_L22	1	0.6796184414970792	0.0	0	nan	nan
gma_miRNC0033a	gma_miRNC0033a	miR378_R26_L22	4	17542706	17542949	-	1	gma_miRNC0033a.v1	miR1185_R3_L22	1	0.24764630592295686	0.0	0	nan	nan
gma_miRNC0033c	gma_miRNC0033c	miR378_R26_L22	18	12502442	12502685	-	1	gma_miRNC0033c.v1	miR1185_R3_L22	1	0.24764630592295686	0.0	0	nan	nan
gma_miRNC0037c	gma_miRNC0037c	miR668_R9_L21	7	15353304	15353391	-	1	gma_miRNC0037c.v1	miR839_R6_L21	1	-0.04595197512565115	0.0	0	nan	nan
gma_miRNC0040a	gma_miRNC0040a	miR561_R12_L22	7	19841289	19841337	-	1	gma_miRNC0040a.v1	miR1123_R3_L22	1	-0.11387187966856918	0.0	0	nan	nan
gma_miRNC0040b	gma_miRNC0040b	miR561_R12_L22	13	5575276	5575324	-	2	gma_miRNC0040b.v1;gma_miRNC0040b.v2	miR1123_R3_L22;miR1416_R2_L22	2	0.28120718107062675	0.0	1	-0.16458064370033954	0.0
gma_miRNC0046a	gma_miRNC0046a	miR709_R8_L21	2	26453860	26453998	-	1	gma_miRNC0046a.v1	miR782_R6_L22	1	0.4708421323050218	0.0	0	nan	nan
gma_miRNC0046b	gma_miRNC0046b	miR709_R8_L21	19	24510050	24510186	-	1	gma_miRNC0046b.v1	miR782_R6_L22	1	0.4708421323050218	0.0	0	nan	nan
gma_miRNC0050c	gma_miRNC0050c	miR654_R9_L21	18	51730747	51731020	-	1	gma_miRNC0050c.v1	miR919_R5_L22	1	0.801783725737273	0.0	0	nan	nan
gma_miRNC0055a	gma_miRNC0055a	miR257_R49_L22	4	24268787	24268834	-	1	gma_miRNC0055a.v1	miR824_R6_L21	1	0.4248179009387508	0.018518518518518517	0	nan	nan
gma_miRNC0055b	gma_miRNC0055b	miR257_R49_L22	7	19575501	19575548	+	1	gma_miRNC0055b.v1	miR824_R6_L21	1	0.4248179009387508	0.018518518518518517	0	nan	nan
gma_miRNC0058a	gma_miRNC0058a	miR475_R17_L20	7	451251	451331	-	1	gma_miRNC0058a.v1	miR672_R9_L21	1	1.0	0.04	0	nan	nan
gma_miRNC0058b	gma_miRNC0058b	miR475_R17_L20	12	36749931	36750012	-	1	gma_miRNC0058b.v1	miR672_R9_L21	1	1.0	0.04	0	nan	nan
gma_miRNC0060a	gma_miRNC0060a	miR848_R6_L22	9	5259411	5259549	+	1	gma_miRNC0060a.v1	miR864_R6_L21	1	-0.1378184374559929	0.0	0	nan	nan
gma_miRNC0062a	gma_miRNC0062a	miR516_R14_L21	16	36309886	36310143	+	1	gma_miRNC0062a.v1	miR1070_R4_L22	1	0.5089495293989282	0.0	0	nan	nan
gma_miRNC0062b	gma_miRNC0062b	miR516_R14_L21	16	37620080	37620337	-	1	gma_miRNC0062b.v1	miR1070_R4_L22	1	0.5089495293989282	0.0	0	nan	nan
gma_miRNC0076a	gma_miRNC0076a	miR667_R9_L21	8	12388694	12388877	-	1	gma_miRNC0076a.v1	miR936_R5_L21	1	0.8636722007435573	0.0	0	nan	nan
gma_miRNC0078	gma_miRNC0078	miR391_R25_L21	9	40778809	40778860	+	2	gma_miRNC0078.v1;gma_miRNC0078.v2	miR1029_R4_L21;miR1045_R4_L22	2	-0.10909723474340086	0.0	1	0.43183255923231123	0.0
gma_miRNC0079	gma_miRNC0079	miR374_R26_L22	9	39056434	39056702	-	2	gma_miRNC0079.v1;gma_miRNC0079.v2	miR515_R14_L22;miR549_R12_L22	2	0.24076820234678137	0.0	1	0.08486016603189903	0.0
gma_miRNC0080b	gma_miRNC0080b	miR499_R14_L22	20	33988728	33988773	-	1	gma_miRNC0080b.v1	miR888_R5_L22	1	0.8122360876938433	0.0	0	nan	nan
gma_miRNC0084	gma_miRNC0084	miR627_R10_L22	16	2861711	2861800	-	2	gma_miRNC0084.v1;gma_miRNC0084.v2	miR1354_R2_L20;miR1362_R2_L21	2	0.3646567571729423	0.0	1	-0.1420224413187326	0.0
gma_miRNC0085	gma_miRNC0085	miR110_R159_L22	16	33243359	33243415	-	2	gma_miRNC0085.v1;gma_miRNC0085.v2	miR563_R12_L21;miR738_R7_L20	2	-0.1447459318342356	0.0	1	0.04053336853858434	0.0
gma_miRNC0086a	gma_miRNC0086a	miR441_R19_L22	18	4997984	4998247	-	1	gma_miRNC0086a.v1	miR903_R5_L22	1	-0.021678043906861733	0.0	0	nan	nan
gma_miRNC0095	gma_miRNC0095	miR1215_R3_L22	1	29029157	29029204	+	1	gma_miRNC0095.v1	miR1504_R2_L22	1	-0.12717825383122885	0.0	0	nan	nan
gma_miRNC0102	gma_miRNC0102	miR826_R6_L22	1	55950917	55950963	-	1	gma_miRNC0102.v1	miR1420_R2_L21	1	1.0	0.0	0	nan	nan
gma_miRNC0111	gma_miRNC0111	miR594_R11_L22	2	5557943	5557991	-	1	gma_miRNC0111.v1	miR1379_R2_L21	1	-0.14547859349066156	0.0	0	nan	nan
gma_miRNC0117	gma_miRNC0117	miR595_R11_L22	3	5981176	5981225	+	1	gma_miRNC0117.v1	miR1516_R2_L21	1	0.013974060271677288	0.0	0	nan	nan
gma_miRNC0128	gma_miRNC0128	miR1128_R3_L21	4	45163587	45163844	+	1	gma_miRNC0128.v1	miR1487_R2_L21	1	0.9999999999999999	0.0	0	nan	nan
gma_miRNC0130	gma_miRNC0130	miR461_R17_L22	4	47529447	47529672	-	1	gma_miRNC0130.v1	miR779_R7_L22	1	-0.1842104208864448	0.0	0	nan	nan
gma_miRNC0134	gma_miRNC0134	miR518_R14_L20	5	35365413	35365680	+	1	gma_miRNC0134.v1	miR1239_R3_L21	1	0.9999999999999998	0.0	0	nan	nan
gma_miRNC0139	gma_miRNC0139	miR202_R71_L21	6	3854226	3854502	+	1	gma_miRNC0139.v1	miR452_R18_L22	1	0.6026252859378738	0.0	0	nan	nan
gma_miRNC0143	gma_miRNC0143	miR303_R37_L21	6	23061593	23061842	-	1	gma_miRNC0143.v1	miR689_R8_L20	1	-0.26717164637194224	0.0	0	nan	nan
gma_miRNC0147	gma_miRNC0147	miR486_R15_L21	7	13000208	13000261	+	1	gma_miRNC0147.v1	miR1541_R2_L22	1	-0.08790894228157421	0.0	0	nan	nan
gma_miRNC0153	gma_miRNC0153	miR530_R13_L22	7	36142791	36142912	-	1	gma_miRNC0153.v1	miR1188_R3_L22	1	0.8796628111776296	0.0	0	nan	nan
gma_miRNC0160	gma_miRNC0160	miR763_R7_L20	8	2487073	2487114	-	1	gma_miRNC0160.v1	miR1041_R4_L22	1	0.1865519787987432	0.0	0	nan	nan
gma_miRNC0162	gma_miRNC0162	miR188_R81_L22	8	32609145	32609224	-	1	gma_miRNC0162.v1	miR792_R6_L21	1	0.9999999999999993	0.0	0	nan	nan
gma_miRNC0166	gma_miRNC0166	miR105_R172_L21	9	12065162	12065242	+	1	gma_miRNC0166.v1	miR972_R4_L21	1	0.7878225235769812	0.0	0	nan	nan
gma_miRNC0167	gma_miRNC0167	miR231_R58_L22	9	32626228	32626283	+	1	gma_miRNC0167.v1	miR1066_R4_L20	1	0.12503115975389045	0.0	0	nan	nan
gma_miRNC0179	gma_miRNC0179	miR711_R8_L22	10	43437312	43437575	-	1	gma_miRNC0179.v1	miR1081_R3_L21	1	0.8931490738328893	0.0	0	nan	nan
gma_miRNC0181	gma_miRNC0181	miR1533_R2_L22	11	30271466	30271531	+	1	gma_miRNC0181.v1	miR1457_R2_L22	1	-0.11111111111111108	0.0	0	nan	nan
gma_miRNC0183	gma_miRNC0183	miR1056_R4_L21	12	42046289	42046447	+	1	gma_miRNC0183.v1	miR1204_R3_L21	1	-0.15922691953368948	0.0	0	nan	nan
gma_miRNC0185	gma_miRNC0185	miR845_R6_L21	13	17486111	17486238	+	1	gma_miRNC0185.v1	miR1117_R3_L20	1	0.6494908181557356	0.0	0	nan	nan
gma_miRNC0192	gma_miRNC0192	miR212_R67_L22	14	4287466	4287627	-	1	gma_miRNC0192.v1	miR349_R28_L21	1	0.06930196182494616	0.0	0	nan	nan
gma_miRNC0193	gma_miRNC0193	miR813_R6_L22	14	6310212	6310305	-	1	gma_miRNC0193.v1	miR838_R6_L21	1	0.5217255342644957	0.0	0	nan	nan
gma_miRNC0195	gma_miRNC0195	miR819_R6_L22	14	46053706	46053814	-	1	gma_miRNC0195.v1	miR1196_R3_L21	1	-0.15899893745176263	0.0	0	nan	nan
gma_miRNC0199	gma_miRNC0199	miR906_R5_L21	15	51164971	51165124	-	1	gma_miRNC0199.v1	miR1205_R3_L20	1	-0.25205672207233765	0.0	0	nan	nan
gma_miRNC0202	gma_miRNC0202	miR542_R13_L21	17	41683159	41683287	-	1	gma_miRNC0202.v1	miR1241_R3_L20	1	0.007005322366311836	0.0	0	nan	nan
gma_miRNC0203	gma_miRNC0203	miR519_R14_L20	18	2432337	2432612	+	1	gma_miRNC0203.v1	miR576_R12_L21	1	1.0	0.0	0	nan	nan
gma_miRNC0206	gma_miRNC0206	miR765_R7_L22	19	2070534	2070676	+	1	gma_miRNC0206.v1	miR1298_R2_L21	1	0.17542051989900487	0.0	0	nan	nan
gma_miRNC0210	gma_miRNC0210	miR889_R5_L21	23	1220244	1220293	+	1	gma_miRNC0210.v1	miR1329_R2_L20	1	-0.1568837145483074	0.0	0	nan	nan
