Variant_Cluster	Cluster_Size	Seq-ID	Sequences_Mature	Chr	M_start	M_end	H_start	H_end	Strand
V1	2	miR468_R17_L22	CTCAACCAATGATGACACCGGC	1	1085095	1085116	1085025	1085116	+
V1	2	miR1340_R2_L21	TCAACCAATGATGACACCGGC	1	1085096	1085116	1085025	1085116	+
V2	3	miR183_R85_L21	CTGAAGTGTTTGGGGGAACTC	1	5394986	5395006	5394927	5395190	+
V2	3	miR332_R31_L20	TGAAGTGTTTGGGGGAACTC	1	5394987	5395006	5394927	5395006	+
V2	3	miR79_R247_L21	TGAAGTGTTTGGGGGAACTCC	1	5394987	5395007	5394926	5395007	+
V3	2	miR1504_R2_L22	TTGGATGATCTGTGCTATGACA	1	29029156	29029177	29029156	29029205	+
V3	2	miR1215_R3_L22	TGGATGATCTGTGCTATGACAT	1	29029157	29029178	29029157	29029204	+
V4	2	miR252_R51_L20	TAATCTGCATCCTGAGGTGT	1	35163434	35163453	35163434	35163498	+
V4	2	miR125_R140_L21	TAATCTGCATCCTGAGGTGTA	1	35163434	35163454	35163434	35163498	+
V5	2	miR68_R282_L20	TAATCTGCATCCTGAGGTTT	1	35185899	35185918	35185899	35185966	+
V5	2	miR354_R28_L21	TAATCTGCATCCTGAGGTTTA	1	35185899	35185919	35185899	35185966	+
V6	2	miR575_R12_L22	AGTCCTTGGGATGCAGATTACG	1	35185945	35185966	35185899	35185966	+
V6	2	miR414_R22_L21	GTCCTTGGGATGCAGATTACG	1	35185946	35185966	35185899	35185966	+
V7	2	miR265_R47_L21	ATTTTAGAACGACTTTTTCCT	1	35188200	35188220	35188200	35188281	+
V7	2	miR473_R17_L21	TTTTAGAACGACTTTTTCCTT	1	35188201	35188221	35188201	35188280	+
V8	2	miR1034_R4_L20	AAGCTCAGGAGGGATAGCGC	1	45662145	45662164	45662145	45662222	+
V8	2	miR6_R742_L21	AAGCTCAGGAGGGATAGCGCC	1	45662145	45662165	45662145	45662222	+
V9	2	miR860_R6_L21	TAAGCACCGATGTAGAAATAT	1	46103864	46103884	46103864	46103996	+
V9	2	miR568_R12_L22	TAAGCACCGATGTAGAAATATG	1	46103864	46103885	46103864	46103996	+
V10	2	miR860_R6_L21	TAAGCACCGATGTAGAAATAT	1	46360055	46360075	46360055	46360099	+
V10	2	miR568_R12_L22	TAAGCACCGATGTAGAAATATG	1	46360055	46360076	46360055	46360099	+
V11	2	miR238_R56_L20	TGGAGAAGCAGGGCACGTGC	1	46703572	46703591	46703572	46703704	+
V11	2	miR30_R527_L21	TGGAGAAGCAGGGCACGTGCA	1	46703572	46703592	46703572	46703704	+
V12	2	miR162_R100_L21	CATGTGCCCCCCTTCCCCATC	1	46703684	46703704	46703572	46703704	+
V12	2	miR718_R8_L22	CATGTGCCCCCCTTCCCCATCA	1	46703684	46703705	46703571	46703705	+
V13	2	miR215_R64_L21	TCATTTTGCGTGCAATGATCT	1	51867371	51867391	51867371	51867497	+
V13	2	miR36_R451_L22	TCATTTTGCGTGCAATGATCTG	1	51867371	51867392	51867371	51867497	+
V14	2	miR219_R63_L21	TTGACAGAAGAAAGGGAGCAC	1	58618275	58618295	58618275	58618356	+
V14	2	miR1105_R3_L20	TGACAGAAGAAAGGGAGCAC	1	58618276	58618295	58618276	58618355	+
V15	2	miR332_R31_L20	TGAAGTGTTTGGGGGAACTC	1	5364735	5364754	5364735	5364833	-
V15	2	miR287_R40_L21	TTGAAGTGTTTGGGGGAACTC	1	5364735	5364755	5364735	5364833	-
V16	2	miR65_R287_L21	TGAAGTGTTTGGGGGAACTCT	1	5374215	5374235	5374215	5374300	-
V16	2	miR332_R31_L20	TGAAGTGTTTGGGGGAACTC	1	5374216	5374235	5374216	5374299	-
V17	2	miR65_R287_L21	TGAAGTGTTTGGGGGAACTCT	1	5387128	5387148	5387128	5387222	-
V17	2	miR332_R31_L20	TGAAGTGTTTGGGGGAACTC	1	5387129	5387148	5387129	5387221	-
V18	2	miR79_R247_L21	TGAAGTGTTTGGGGGAACTCC	1	5389598	5389618	5389598	5389693	-
V18	2	miR332_R31_L20	TGAAGTGTTTGGGGGAACTC	1	5389599	5389618	5389599	5389692	-
V19	2	miR1247_R2_L22	TTTTGAATTTGACTATTAGTTT	1	6828344	6828365	6828131	6828365	-
V19	2	miR1248_R2_L21	TTTTGAATTTGACTATTAGTT	1	6828345	6828365	6828131	6828365	-
V20	2	miR382_R25_L21	TGTGTTCTCAGGTCACCCCTT	1	7783686	7783706	7783686	7783776	-
V20	2	miR35_R452_L21	TTGTGTTCTCAGGTCACCCCT	1	7783687	7783707	7783687	7783775	-
V21	2	miR582_R11_L21	TGATCCAGGAACTTTTCATCT	1	25160577	25160597	25160577	25160644	-
V21	2	miR1510_R2_L20	TGATCCAGGAACTTTTCATC	1	25160578	25160597	25160578	25160643	-
V22	2	miR1397_R2_L22	CTCGGACCAGGCTTCATTCCCC	1	26442360	26442381	26442360	26442484	-
V22	2	miR1_R795_L21	TCTCGGACCAGGCTTCATTCC	1	26442362	26442382	26442362	26442482	-
V23	2	miR1276_R2_L22	TTCTCCTTCAAGTGGCGTCTCC	1	49846724	49846745	49846651	49846745	-
V23	2	miR741_R7_L22	CTTCTCCTTCAAGTGGCGTCTC	1	49846725	49846746	49846650	49846746	-
V24	2	miR8_R731_L21	TCGCTTGGTGCAGGTCGGGAA	1	51399442	51399462	51399373	51399486	-
V24	2	miR584_R11_L20	TCGCTTGGTGCAGGTCGGGA	1	51399443	51399462	51399373	51399462	-
V25	4	miR1417_R2_L20	CCTACTCATTCTGAATGCCT	1	54170211	54170230	54170211	54170403	-
V25	4	miR462_R17_L21	TCCTACTCATTCTGAATGCCT	1	54170211	54170231	54170211	54170403	-
V25	4	miR100_R191_L20	TCCTACTCATTCTGAATGCC	1	54170212	54170231	54170212	54170402	-
V25	4	miR159_R101_L21	CTCCTACTCATTCTGAATGCC	1	54170212	54170232	54170212	54170402	-
V26	2	miR1467_R2_L21	AGGGACCAACATTGCATGATT	1	55666995	55667015	55666995	55667271	-
V26	2	miR157_R103_L22	TTGAGGGACCAACATTGCATGA	1	55666997	55667018	55666997	55667269	-
V27	2	miR826_R6_L22	CCCATTCAGACTATCTTAACTT	1	55950917	55950938	55950917	55950963	-
V27	2	miR1420_R2_L21	CCCATTCAGACTATCTTAACT	1	55950918	55950938	55950918	55950962	-
V28	2	miR5_R745_L21	ATGCACTGCCTCTTCCCTGGC	2	865133	865153	865044	865153	+
V28	2	miR484_R15_L21	TGCACTGCCTCTTCCCTGGCT	2	865134	865154	865043	865154	+
V29	2	miR638_R9_L20	TTAGATTCACGCACAAACTT	2	1079924	1079943	1079871	1079943	+
V29	2	miR57_R322_L21	TTAGATTCACGCACAAACTTG	2	1079924	1079944	1079870	1079944	+
V30	2	miR238_R56_L20	TGGAGAAGCAGGGCACGTGC	2	1556522	1556541	1556522	1556601	+
V30	2	miR30_R527_L21	TGGAGAAGCAGGGCACGTGCA	2	1556522	1556542	1556522	1556601	+
V31	2	miR322_R33_L21	CACGTGCTCCCCTTCTCCAAC	2	1556581	1556601	1556522	1556601	+
V31	2	miR865_R6_L22	CACGTGCTCCCCTTCTCCAACA	2	1556581	1556602	1556521	1556602	+
V32	2	miR332_R31_L20	TGAAGTGTTTGGGGGAACTC	2	1775839	1775858	1775773	1775994	+
V32	2	miR79_R247_L21	TGAAGTGTTTGGGGGAACTCC	2	1775839	1775859	1775772	1775859	+
V33	2	miR332_R31_L20	TGAAGTGTTTGGGGGAACTC	2	1781508	1781527	1781429	1781527	+
V33	2	miR65_R287_L21	TGAAGTGTTTGGGGGAACTCT	2	1781508	1781528	1781428	1781528	+
V34	2	miR332_R31_L20	TGAAGTGTTTGGGGGAACTC	2	1795727	1795746	1795682	1795746	+
V34	2	miR65_R287_L21	TGAAGTGTTTGGGGGAACTCT	2	1795727	1795747	1795681	1795747	+
V35	2	miR332_R31_L20	TGAAGTGTTTGGGGGAACTC	2	1804354	1804373	1804292	1804373	+
V35	2	miR65_R287_L21	TGAAGTGTTTGGGGGAACTCT	2	1804354	1804374	1804291	1804374	+
V36	2	miR287_R40_L21	TTGAAGTGTTTGGGGGAACTC	2	1808525	1808545	1808525	1808624	+
V36	2	miR332_R31_L20	TGAAGTGTTTGGGGGAACTC	2	1808526	1808545	1808526	1808623	+
V37	3	miR287_R40_L21	TTGAAGTGTTTGGGGGAACTC	2	1814522	1814542	1814451	1814542	+
V37	3	miR332_R31_L20	TGAAGTGTTTGGGGGAACTC	2	1814523	1814542	1814451	1814542	+
V37	3	miR65_R287_L21	TGAAGTGTTTGGGGGAACTCT	2	1814523	1814543	1814450	1814543	+
V38	3	miR712_R8_L20	AGGGATAGGTAAAACAACTA	2	6672229	6672248	6672229	6672298	+
V38	3	miR26_R556_L21	AGGGATAGGTAAAACAACTAC	2	6672229	6672249	6672229	6672298	+
V38	3	miR102_R187_L22	AGGGATAGGTAAAACAACTACT	2	6672229	6672250	6672229	6672298	+
V39	2	miR58_R319_L21	TGTTGTTTTACCTATTCCACC	2	6672278	6672298	6672229	6672298	+
V39	2	miR471_R17_L22	TGTTGTTTTACCTATTCCACCA	2	6672278	6672299	6672228	6672299	+
V40	5	miR1558_R2_L21	GGGAATGGGCTGATTGGGAAG	2	7881450	7881470	7881450	7881524	+
V40	5	miR392_R25_L22	GGGAATGGGCTGATTGGGAAGC	2	7881450	7881471	7881450	7881524	+
V40	5	miR539_R13_L20	GGAATGGGCTGATTGGGAAG	2	7881451	7881470	7881451	7881523	+
V40	5	miR29_R528_L21	GGAATGGGCTGATTGGGAAGC	2	7881451	7881471	7881451	7881523	+
V40	5	miR714_R8_L22	GGAATGGGCTGATTGGGAAGCA	2	7881451	7881472	7881451	7881523	+
V41	2	miR971_R4_L21	TTCCCAATTCCGCCCATTCCT	2	7881502	7881522	7881452	7881522	+
V41	2	miR37_R447_L22	TTCCCAATTCCGCCCATTCCTA	2	7881502	7881523	7881451	7881523	+
V42	2	miR1271_R2_L20	TTGACAGAAGATAGAGAGCA	2	7910303	7910322	7910303	7910390	+
V42	2	miR33_R465_L21	TTGACAGAAGATAGAGAGCAC	2	7910303	7910323	7910303	7910390	+
V43	4	miR138_R123_L21	TTTCGGACCAGGCTTCATTCC	2	14557877	14557897	14557817	14557897	+
V43	4	miR126_R138_L21	TTCGGACCAGGCTTCATTCCC	2	14557878	14557898	14557816	14557898	+
V43	4	miR39_R433_L22	TTCGGACCAGGCTTCATTCCCC	2	14557878	14557899	14557815	14557899	+
V43	4	miR87_R214_L22	TCGGACCAGGCTTCATTCCCCT	2	14557879	14557900	14557814	14557900	+
V44	3	miR1559_R2_L20	GGCTGACAGAAGAGAGTGAG	2	42370049	42370068	42370049	42370139	+
V44	3	miR572_R12_L21	GGCTGACAGAAGAGAGTGAGC	2	42370049	42370069	42370049	42370139	+
V44	3	miR10_R708_L20	TGACAGAAGAGAGTGAGCAC	2	42370052	42370071	42370052	42370136	+
V45	2	miR1036_R4_L22	TTTACAGATCTTTGGAAACAGG	2	42641465	42641486	42641407	42641486	+
V45	2	miR342_R30_L22	TTACAGATCTTTGGAAACAGGC	2	42641466	42641487	42641406	42641487	+
V46	5	miR798_R6_L21	TGTGCTTGGACTGAAGGGAGC	2	44389314	44389334	44389176	44389334	+
V46	5	miR1391_R2_L20	CTTGGACTGAAGGGAGCTCC	2	44389318	44389337	44389173	44389337	+
V46	5	miR189_R77_L20	TTGGACTGAAGGGAGCTCCT	2	44389319	44389338	44389172	44389338	+
V46	5	miR1263_R2_L22	TTGGACTGAAGGGAGCTCCTTC	2	44389319	44389340	44389170	44389340	+
V46	5	miR16_R686_L21	TGGACTGAAGGGAGCTCCTTC	2	44389320	44389340	44389170	44389340	+
V47	6	miR820_R6_L21	CTTGGACTGAAGGGAGCTCCC	2	46228606	46228626	46228457	46228626	+
V47	6	miR1390_R2_L22	CTTGGACTGAAGGGAGCTCCCT	2	46228606	46228627	46228456	46228627	+
V47	6	miR27_R544_L20	TTGGACTGAAGGGAGCTCCC	2	46228607	46228626	46228457	46228626	+
V47	6	miR127_R137_L21	TTGGACTGAAGGGAGCTCCCT	2	46228607	46228627	46228456	46228627	+
V47	6	miR580_R11_L22	TTGGACTGAAGGGAGCTCCCTC	2	46228607	46228628	46228455	46228628	+
V47	6	miR726_R7_L21	TGGACTGAAGGGAGCTCCCTC	2	46228608	46228628	46228455	46228628	+
V48	3	miR79_R247_L21	TGAAGTGTTTGGGGGAACTCC	2	1768520	1768540	1768520	1768601	-
V48	3	miR332_R31_L20	TGAAGTGTTTGGGGGAACTC	2	1768521	1768540	1768521	1768600	-
V48	3	miR183_R85_L21	CTGAAGTGTTTGGGGGAACTC	2	1768521	1768541	1768521	1768600	-
V49	2	miR1379_R2_L21	GAGGCATTTGTCTGAGAGGAT	2	5557943	5557963	5557943	5557991	-
V49	2	miR594_R11_L22	CGAGGCATTTGTCTGAGAGGAT	2	5557943	5557964	5557943	5557991	-
V50	2	miR93_R204_L22	TAACTGAACATTCTTAGAGCAT	2	8711903	8711924	8711839	8711924	-
V50	2	miR618_R10_L21	TAACTGAACATTCTTAGAGCA	2	8711904	8711924	8711839	8711924	-
V51	2	miR512_R14_L22	AACTGGAAATTCTTAAAGCATT	2	8720935	8720956	8720883	8720956	-
V51	2	miR177_R88_L22	TAACTGGAAATTCTTAAAGCAT	2	8720936	8720957	8720882	8720957	-
V52	2	miR382_R25_L21	TGTGTTCTCAGGTCACCCCTT	2	11184393	11184413	11184393	11184486	-
V52	2	miR35_R452_L21	TTGTGTTCTCAGGTCACCCCT	2	11184394	11184414	11184394	11184485	-
V53	2	miR92_R206_L22	GAGTGGATCTGAGAACACAAGG	2	11184464	11184485	11184394	11184485	-
V53	2	miR619_R10_L22	GGAGTGGATCTGAGAACACAAG	2	11184465	11184486	11184393	11184486	-
V54	2	miR978_R4_L21	TGGATCACACGACAGCCACTG	2	14818946	14818966	14818726	14818966	-
V54	2	miR730_R7_L22	TATGGATCACACGACAGCCACT	2	14818947	14818968	14818724	14818968	-
V55	2	miR47_R363_L21	TGAAGCTGCCAGCATGATCTA	2	14839665	14839685	14839602	14839685	-
V55	2	miR83_R242_L20	TGAAGCTGCCAGCATGATCT	2	14839666	14839685	14839602	14839685	-
V56	2	miR445_R19_L22	TTGAAATGACCGGTAGATTGCT	2	16605130	16605151	16604887	16605151	-
V56	2	miR317_R33_L21	TTGAAATGACCGGTAGATTGC	2	16605131	16605151	16604887	16605151	-
V57	2	miR709_R8_L21	TGTGATCCAAGAACATTCTTG	2	26453978	26453998	26453860	26453998	-
V57	2	miR782_R6_L22	TTTTGTGATCCAAGAACATTCT	2	26453980	26454001	26453857	26454001	-
V58	2	miR568_R12_L22	TAAGCACCGATGTAGAAATATG	2	39793119	39793140	39793005	39793140	-
V58	2	miR860_R6_L21	TAAGCACCGATGTAGAAATAT	2	39793120	39793140	39793005	39793140	-
V59	2	miR604_R11_L21	CCGATGTAGAATGTCAGATTT	2	41765249	41765269	41765249	41765387	-
V59	2	miR1032_R4_L21	ACCGATGTAGAATGTCAGATT	2	41765250	41765270	41765250	41765386	-
V60	2	miR191_R76_L21	ATCATGCTATCCCTTTGGATT	2	47653203	47653223	47653203	47653298	-
V60	2	miR555_R12_L21	GATCATGCTATCCCTTTGGAT	2	47653204	47653224	47653204	47653297	-
V61	2	miR95_R196_L22	TCCAAAGGGATCGCATTGATCC	2	47653277	47653298	47653203	47653298	-
V61	2	miR122_R145_L21	TCCAAAGGGATCGCATTGATC	2	47653278	47653298	47653203	47653298	-
V62	2	miR647_R9_L20	GAGCTGTGATGAAAATTTAT	3	1596652	1596671	1596652	1596737	+
V62	2	miR363_R27_L22	GAGCTGTGATGAAAATTTATCT	3	1596652	1596673	1596652	1596737	+
V63	2	miR595_R11_L22	CAAGGTTCAAAGAAAGGGTGGG	3	5981204	5981225	5981176	5981225	+
V63	2	miR1516_R2_L21	AAGGTTCAAAGAAAGGGTGGG	3	5981205	5981225	5981176	5981225	+
V64	2	miR140_R123_L22	TGGGGACTGTCGGCCTTGCCGG	3	8931050	8931071	8931009	8931071	+
V64	2	miR1364_R2_L22	GGGGACTGTCGGCCTTGCCGGT	3	8931051	8931072	8931009	8931072	+
V65	2	miR1051_R4_L21	TATCGATCTATGACTATGGTT	3	13821400	13821420	13821400	13821573	+
V65	2	miR1121_R3_L22	TATCGATCTATGACTATGGTTA	3	13821400	13821421	13821400	13821573	+
V66	2	miR860_R6_L21	TAAGCACCGATGTAGAAATAT	3	31568057	31568077	31568057	31568144	+
V66	2	miR568_R12_L22	TAAGCACCGATGTAGAAATATG	3	31568057	31568078	31568057	31568144	+
V67	2	miR83_R242_L20	TGAAGCTGCCAGCATGATCT	3	39175586	39175605	39175586	39175677	+
V67	2	miR47_R363_L21	TGAAGCTGCCAGCATGATCTA	3	39175586	39175606	39175586	39175677	+
V68	2	miR238_R56_L20	TGGAGAAGCAGGGCACGTGC	3	45394681	45394700	45394681	45394768	+
V68	2	miR30_R527_L21	TGGAGAAGCAGGGCACGTGCA	3	45394681	45394701	45394681	45394768	+
V69	2	miR238_R56_L20	TGGAGAAGCAGGGCACGTGC	3	46765912	46765931	46765912	46765988	+
V69	2	miR30_R527_L21	TGGAGAAGCAGGGCACGTGCA	3	46765912	46765932	46765912	46765988	+
V70	2	miR322_R33_L21	CACGTGCTCCCCTTCTCCAAC	3	46765968	46765988	46765912	46765988	+
V70	2	miR865_R6_L22	CACGTGCTCCCCTTCTCCAACA	3	46765968	46765989	46765911	46765989	+
V71	2	miR148_R115_L22	TTTGTAGGTGGCTGCAACGTGG	3	4625690	4625711	4625690	4625783	-
V71	2	miR405_R23_L21	TTTGTAGGTGGCTGCAACGTG	3	4625691	4625711	4625691	4625782	-
V72	2	miR718_R8_L22	CATGTGCCCCCCTTCCCCATCA	3	5295773	5295794	5295773	5295922	-
V72	2	miR162_R100_L21	CATGTGCCCCCCTTCCCCATC	3	5295774	5295794	5295774	5295921	-
V73	2	miR30_R527_L21	TGGAGAAGCAGGGCACGTGCA	3	5295901	5295921	5295774	5295921	-
V73	2	miR238_R56_L20	TGGAGAAGCAGGGCACGTGC	3	5295902	5295921	5295774	5295921	-
V74	2	miR6_R742_L21	AAGCTCAGGAGGGATAGCGCC	3	6250453	6250473	6250396	6250473	-
V74	2	miR1034_R4_L20	AAGCTCAGGAGGGATAGCGC	3	6250454	6250473	6250396	6250473	-
V75	2	miR463_R17_L22	TATTGCTGTTTCTTTTGGGCCT	3	6293767	6293788	6293666	6293788	-
V75	2	miR1361_R2_L21	GTATTGCTGTTTCTTTTGGGC	3	6293769	6293789	6293665	6293789	-
V76	2	miR932_R5_L22	AACTGTTGCTGGGTTGTGGTGT	3	24961605	24961626	24961374	24961626	-
V76	2	miR998_R4_L22	TAACTGTTGCTGGGTTGTGGTG	3	24961606	24961627	24961373	24961627	-
V77	3	miR250_R51_L21	TGAGAGAAACGCGTATCGATG	3	37970427	37970447	37970330	37970447	-
V77	3	miR438_R19_L22	TGGGTGAGAGAAACGCGTATCG	3	37970430	37970451	37970326	37970451	-
V77	3	miR175_R89_L21	TGGGTGAGAGAAACGCGTATC	3	37970431	37970451	37970326	37970451	-
V78	2	miR1540_R2_L21	TGATTTTAGCTTATGGGAGAA	3	38714856	38714876	38714856	38714963	-
V78	2	miR1266_R2_L21	TTGATTTTAGCTTATGGGAGA	3	38714857	38714877	38714857	38714962	-
V79	4	miR87_R214_L22	TCGGACCAGGCTTCATTCCCCT	3	39381176	39381197	39381176	39381280	-
V79	4	miR39_R433_L22	TTCGGACCAGGCTTCATTCCCC	3	39381177	39381198	39381177	39381279	-
V79	4	miR126_R138_L21	TTCGGACCAGGCTTCATTCCC	3	39381178	39381198	39381178	39381278	-
V79	4	miR138_R123_L21	TTTCGGACCAGGCTTCATTCC	3	39381179	39381199	39381179	39381277	-
V80	3	miR25_R563_L21	TGCCTGGCTCCCTGTATGCCA	3	41111794	41111814	41111733	41111814	-
V80	3	miR325_R32_L20	TGCCTGGCTCCCTGTATGCC	3	41111795	41111814	41111733	41111814	-
V80	3	miR350_R28_L21	GTGCCTGGCTCCCTGTATGCC	3	41111795	41111815	41111732	41111815	-
V81	2	miR484_R15_L21	TGCACTGCCTCTTCCCTGGCT	3	44481320	44481340	44481320	44481438	-
V81	2	miR5_R745_L21	ATGCACTGCCTCTTCCCTGGC	3	44481321	44481341	44481321	44481437	-
V82	2	miR1_R795_L21	TCTCGGACCAGGCTTCATTCC	4	34784063	34784083	34783964	34784083	+
V82	2	miR1397_R2_L22	CTCGGACCAGGCTTCATTCCCC	4	34784064	34784085	34783962	34784085	+
V83	2	miR908_R5_L21	CTTGGCTTAGGAACTTGGAGA	4	35719466	35719486	35719466	35719522	+
V83	2	miR334_R31_L22	CTTGGCTTAGGAACTTGGAGAA	4	35719466	35719487	35719466	35719522	+
V84	2	miR1128_R3_L21	TAAGGGGACCTTTCGAATGCC	4	45163824	45163844	45163587	45163844	+
V84	2	miR1487_R2_L21	AAGGGGACCTTTCGAATGCCT	4	45163825	45163845	45163586	45163845	+
V85	3	miR126_R138_L21	TTCGGACCAGGCTTCATTCCC	4	49072213	49072233	49072152	49072431	+
V85	3	miR39_R433_L22	TTCGGACCAGGCTTCATTCCCC	4	49072213	49072234	49072151	49072431	+
V85	3	miR87_R214_L22	TCGGACCAGGCTTCATTCCCCT	4	49072214	49072235	49072150	49072430	+
V86	2	miR1_R795_L21	TCTCGGACCAGGCTTCATTCC	4	49072516	49072536	49072412	49072536	+
V86	2	miR1397_R2_L22	CTCGGACCAGGCTTCATTCCCC	4	49072517	49072538	49072410	49072538	+
V87	2	miR128_R135_L22	CGTGATATTGGTACGGCTCATC	4	51224207	51224228	51224207	51224280	+
V87	2	miR529_R13_L23	CGTGATATTGGTACGGCTCATCT	4	51224207	51224229	51224207	51224280	+
V88	2	miR209_R69_L21	CGAGCCGAATCAATACCACTC	4	51224582	51224602	51224524	51224602	+
V88	2	miR1006_R4_L20	GAGCCGAATCAATACCACTC	4	51224583	51224602	51224524	51224602	+
V89	2	miR10_R708_L20	TGACAGAAGAGAGTGAGCAC	4	5023767	5023786	5023704	5023786	-
V89	2	miR517_R14_L22	ATTGACAGAAGAGAGTGAGCAC	4	5023767	5023788	5023702	5023788	-
V90	2	miR378_R26_L22	CAACAAATTTGTAGACTCGGGG	4	17542928	17542949	17542706	17542949	-
V90	2	miR1185_R3_L22	ACAACAAATTTGTAGACTCGGG	4	17542929	17542950	17542705	17542950	-
V91	2	miR824_R6_L21	CGAGAATAGGTTGTTGCATTC	4	24268813	24268833	24268788	24268833	-
V91	2	miR257_R49_L22	TCGAGAATAGGTTGTTGCATTC	4	24268813	24268834	24268787	24268834	-
V92	2	miR272_R44_L22	GGAGGCGTAGATACTCACACCT	4	37996619	37996640	37996619	37996689	-
V92	2	miR49_R362_L21	GGAGGCGTAGATACTCACACC	4	37996620	37996640	37996620	37996688	-
V93	2	miR43_R396_L21	TGCGAGTGTCTTCGCCTCTGA	4	37996668	37996688	37996620	37996688	-
V93	2	miR607_R11_L22	CGGTGCGAGTGTCTTCGCCTCT	4	37996670	37996691	37996617	37996691	-
V94	3	miR24_R598_L21	TGTTGCGGGTATCTTTGCCTC	4	38043209	38043229	38043146	38043229	-
V94	3	miR365_R27_L22	CTGTTGCGGGTATCTTTGCCTC	4	38043209	38043230	38043145	38043230	-
V94	3	miR880_R5_L20	TGTTGCGGGTATCTTTGCCT	4	38043210	38043229	38043146	38043229	-
V95	2	miR91_R209_L22	TCCCGTCAGTGTCAAAGATGTG	4	39627750	39627771	39627750	39627874	-
V95	2	miR1110_R3_L20	TCCCGTCAGTGTCAAAGATG	4	39627752	39627771	39627752	39627872	-
V96	2	miR568_R12_L22	TAAGCACCGATGTAGAAATATG	4	42417307	42417328	42417238	42417328	-
V96	2	miR860_R6_L21	TAAGCACCGATGTAGAAATAT	4	42417308	42417328	42417238	42417328	-
V97	2	miR1444_R2_L22	ATTTTAGTTGAATGGTATTGTA	4	43425782	43425803	43425720	43425803	-
V97	2	miR443_R19_L22	TATTTTAGTTGAATGGTATTGT	4	43425783	43425804	43425719	43425804	-
V98	2	miR461_R17_L22	TCGGGAGACAATGACTTGATTT	4	47529447	47529468	47529447	47529672	-
V98	2	miR779_R7_L22	ATTCGGGAGACAATGACTTGAT	4	47529449	47529470	47529449	47529670	-
V99	2	miR605_R11_L21	AGTTCTAACCATTTTACCCAG	4	47855992	47856012	47855817	47856012	-
V99	2	miR863_R6_L22	GAGTTCTAACCATTTTACCCAG	4	47855992	47856013	47855816	47856013	-
V100	3	miR17_R685_L21	TCGGACCAGGCTTCATTCCCT	4	51094389	51094409	51094389	51094641	-
V100	3	miR198_R73_L21	CTCGGACCAGGCTTCATTCCC	4	51094390	51094410	51094390	51094640	-
V100	3	miR1415_R2_L21	CCTCGGACCAGGCTTCATTCC	4	51094391	51094411	51094391	51094639	-
V101	2	miR294_R39_L20	TTAATCAAGGAAATCACGGT	5	1347828	1347847	1347828	1347918	+
V101	2	miR42_R402_L22	TTAATCAAGGAAATCACGGTTG	5	1347828	1347849	1347828	1347918	+
V102	2	miR4_R751_L21	TCGATAAACCTCTGCATCCAG	5	1429315	1429335	1429251	1429335	+
V102	2	miR887_R5_L22	TCGATAAACCTCTGCATCCAGC	5	1429315	1429336	1429250	1429336	+
V103	2	miR1032_R4_L21	ACCGATGTAGAATGTCAGATT	5	11671913	11671933	11671839	11671933	+
V103	2	miR604_R11_L21	CCGATGTAGAATGTCAGATTT	5	11671914	11671934	11671838	11671934	+
V104	2	miR468_R17_L22	CTCAACCAATGATGACACCGGC	5	25066386	25066407	25066316	25066407	+
V104	2	miR1340_R2_L21	TCAACCAATGATGACACCGGC	5	25066387	25066407	25066316	25066407	+
V105	2	miR518_R14_L20	AGCGGGGATAGCTCAGTTGG	5	35365661	35365680	35365413	35365680	+
V105	2	miR1239_R3_L21	AGCGGGGATAGCTCAGTTGGG	5	35365661	35365681	35365412	35365681	+
V106	2	miR1271_R2_L20	TTGACAGAAGATAGAGAGCA	5	44724771	44724790	44724771	44724880	+
V106	2	miR33_R465_L21	TTGACAGAAGATAGAGAGCAC	5	44724771	44724791	44724771	44724880	+
V107	2	miR228_R60_L21	GCTCTCTATACTTCTGTCATC	5	44724859	44724879	44724772	44724879	+
V107	2	miR1562_R2_L22	GCTCTCTATACTTCTGTCATCA	5	44724859	44724880	44724771	44724880	+
V108	2	miR1290_R2_L21	TGGGCTGAGCTTAGGTGAGTG	5	3452377	3452397	3452187	3452397	-
V108	2	miR396_R24_L21	AACTTGGGCTGAGCTTAGGTG	5	3452381	3452401	3452183	3452401	-
V109	2	miR932_R5_L22	AACTGTTGCTGGGTTGTGGTGT	5	33925453	33925474	33925222	33925474	-
V109	2	miR998_R4_L22	TAACTGTTGCTGGGTTGTGGTG	5	33925454	33925475	33925221	33925475	-
V110	2	miR1270_R2_L22	TTGACTTGTAGCTCATCGGGAT	5	39640927	39640948	39640889	39640948	-
V110	2	miR635_R9_L22	TTTGACTTGTAGCTCATCGGGA	5	39640928	39640949	39640888	39640949	-
V111	2	miR1397_R2_L22	CTCGGACCAGGCTTCATTCCCC	5	41027896	41027917	41027896	41028023	-
V111	2	miR1_R795_L21	TCTCGGACCAGGCTTCATTCC	5	41027898	41027918	41027898	41028021	-
V112	3	miR87_R214_L22	TCGGACCAGGCTTCATTCCCCT	5	41028194	41028215	41028003	41028279	-
V112	3	miR39_R433_L22	TTCGGACCAGGCTTCATTCCCC	5	41028195	41028216	41028002	41028278	-
V112	3	miR126_R138_L21	TTCGGACCAGGCTTCATTCCC	5	41028196	41028216	41028002	41028277	-
V113	4	miR210_R68_L22	TTGGACTGAAGGGAGCTCCCTT	5	42494507	42494528	42494507	42494676	-
V113	4	miR127_R137_L21	TTGGACTGAAGGGAGCTCCCT	5	42494508	42494528	42494508	42494675	-
V113	4	miR27_R544_L20	TTGGACTGAAGGGAGCTCCC	5	42494509	42494528	42494509	42494674	-
V113	4	miR820_R6_L21	CTTGGACTGAAGGGAGCTCCC	5	42494509	42494529	42494509	42494674	-
V114	2	miR1588_R2_L20	AAGGGAGTTAGGTCTATGAT	6	3660509	3660528	3660509	3660581	+
V114	2	miR338_R31_L21	AAGGGAGTTAGGTCTATGATT	6	3660509	3660529	3660509	3660581	+
V115	2	miR452_R18_L22	CGAGAAATGGTCCAAATTTTTT	6	3854481	3854502	3854226	3854502	+
V115	2	miR202_R71_L21	GAGAAATGGTCCAAATTTTTT	6	3854482	3854502	3854226	3854502	+
V116	3	miR1415_R2_L21	CCTCGGACCAGGCTTCATTCC	6	11030547	11030567	11030438	11030567	+
V116	3	miR198_R73_L21	CTCGGACCAGGCTTCATTCCC	6	11030548	11030568	11030437	11030568	+
V116	3	miR17_R685_L21	TCGGACCAGGCTTCATTCCCT	6	11030549	11030569	11030436	11030569	+
V117	2	miR1011_R4_L22	CTGACTCACCATTTTTCACAAA	6	19114732	19114753	19114663	19114753	+
V117	2	miR1220_R3_L22	TGACTCACCATTTTTCACAAAT	6	19114733	19114754	19114662	19114754	+
V118	4	miR114_R155_L21	TTTTGGACTGAAGGGAGCTCC	6	22631800	22631820	22631755	22631820	+
V118	4	miR73_R274_L21	TTTGGACTGAAGGGAGCTCCT	6	22631801	22631821	22631754	22631821	+
V118	4	miR189_R77_L20	TTGGACTGAAGGGAGCTCCT	6	22631802	22631821	22631754	22631821	+
V118	4	miR679_R8_L21	TGGACTGAAGGGAGCTCCTAC	6	22631803	22631823	22631752	22631823	+
V119	2	miR974_R4_L21	TTAGGTTCTTTTGGTGCTCTT	6	38774666	38774686	38774666	38774813	+
V119	2	miR476_R16_L21	TAGGTTCTTTTGGTGCTCTTC	6	38774667	38774687	38774667	38774812	+
V120	2	miR258_R49_L21	CTTGATTGTGGGGCTCAAGGA	6	43786172	43786192	43786172	43786412	+
V120	2	miR876_R5_L21	TTGATTGTGGGGCTCAAGGAA	6	43786173	43786193	43786173	43786411	+
V121	2	miR730_R7_L22	TATGGATCACACGACAGCCACT	6	46995286	46995307	46995286	46995530	+
V121	2	miR978_R4_L21	TGGATCACACGACAGCCACTG	6	46995288	46995308	46995288	46995528	+
V122	2	miR10_R708_L20	TGACAGAAGAGAGTGAGCAC	6	4755991	4756010	4755927	4756010	-
V122	2	miR517_R14_L22	ATTGACAGAAGAGAGTGAGCAC	6	4755991	4756012	4755925	4756012	-
V123	2	miR1006_R4_L20	GAGCCGAATCAATACCACTC	6	10905153	10905172	10905153	10905231	-
V123	2	miR209_R69_L21	CGAGCCGAATCAATACCACTC	6	10905153	10905173	10905153	10905231	-
V124	2	miR529_R13_L23	CGTGATATTGGTACGGCTCATCT	6	10905526	10905548	10905475	10905548	-
V124	2	miR128_R135_L22	CGTGATATTGGTACGGCTCATC	6	10905527	10905548	10905475	10905548	-
V125	2	miR1397_R2_L22	CTCGGACCAGGCTTCATTCCCC	6	13031846	13031867	13031846	13031975	-
V125	2	miR1_R795_L21	TCTCGGACCAGGCTTCATTCC	6	13031848	13031868	13031848	13031973	-
V126	3	miR87_R214_L22	TCGGACCAGGCTTCATTCCCCT	6	13032125	13032146	13031955	13032211	-
V126	3	miR39_R433_L22	TTCGGACCAGGCTTCATTCCCC	6	13032126	13032147	13031954	13032210	-
V126	3	miR126_R138_L21	TTCGGACCAGGCTTCATTCCC	6	13032127	13032147	13031954	13032209	-
V127	2	miR837_R6_L22	AGGCGCGTATGGACTTACGACC	6	14511268	14511289	14511140	14511289	-
V127	2	miR1584_R2_L20	AGGCGCGTATGGACTTACGA	6	14511270	14511289	14511140	14511289	-
V128	2	miR887_R5_L22	TCGATAAACCTCTGCATCCAGC	6	20207914	20207935	20207914	20207997	-
V128	2	miR4_R751_L21	TCGATAAACCTCTGCATCCAG	6	20207915	20207935	20207915	20207996	-
V129	2	miR689_R8_L20	GGATCCGGCAGGTCGGACCA	6	23061593	23061612	23061593	23061842	-
V129	2	miR303_R37_L21	CGGATCCGGCAGGTCGGACCA	6	23061593	23061613	23061593	23061842	-
V130	2	miR476_R16_L21	TAGGTTCTTTTGGTGCTCTTC	6	38754204	38754224	38754079	38754224	-
V130	2	miR974_R4_L21	TTAGGTTCTTTTGGTGCTCTT	6	38754205	38754225	38754078	38754225	-
V131	2	miR476_R16_L21	TAGGTTCTTTTGGTGCTCTTC	6	38783478	38783498	38783353	38783498	-
V131	2	miR974_R4_L21	TTAGGTTCTTTTGGTGCTCTT	6	38783479	38783499	38783352	38783499	-
V132	3	miR271_R44_L22	TTGAGCCGTGCCAATATCACGA	6	50248351	50248372	50248351	50248435	-
V132	3	miR523_R13_L21	TTGAGCCGTGCCAATATCACG	6	50248352	50248372	50248352	50248434	-
V132	3	miR524_R13_L20	TTGAGCCGTGCCAATATCAC	6	50248353	50248372	50248353	50248433	-
V133	2	miR1271_R2_L20	TTGACAGAAGATAGAGAGCA	7	9356060	9356079	9356060	9356164	+
V133	2	miR33_R465_L21	TTGACAGAAGATAGAGAGCAC	7	9356060	9356080	9356060	9356164	+
V134	2	miR1142_R3_L21	GCTCTCTAAGCTTCTGTCATC	7	9356143	9356163	9356061	9356163	+
V134	2	miR528_R13_L22	GCTCTCTAAGCTTCTGTCATCC	7	9356143	9356164	9356060	9356164	+
V135	2	miR406_R23_L21	TTTATCAGTAGCATCATCATC	7	10023314	10023334	10023314	10023379	+
V135	2	miR581_R11_L21	TTATCAGTAGCATCATCATCA	7	10023315	10023335	10023315	10023378	+
V136	2	miR1458_R2_L21	ATGATGATGTTACCGATAAAG	7	10023358	10023378	10023315	10023378	+
V136	2	miR1305_R2_L21	TGATGATGTTACCGATAAAGA	7	10023359	10023379	10023314	10023379	+
V137	2	miR406_R23_L21	TTTATCAGTAGCATCATCATC	7	10024653	10024673	10024653	10024718	+
V137	2	miR581_R11_L21	TTATCAGTAGCATCATCATCA	7	10024654	10024674	10024654	10024717	+
V138	3	miR1_R795_L21	TCTCGGACCAGGCTTCATTCC	7	10221134	10221154	10221058	10221154	+
V138	3	miR1397_R2_L22	CTCGGACCAGGCTTCATTCCCC	7	10221135	10221156	10221056	10221156	+
V138	3	miR87_R214_L22	TCGGACCAGGCTTCATTCCCCT	7	10221136	10221157	10221055	10221157	+
V139	2	miR1541_R2_L22	TGATCGCGTCGTGATGAAGTGC	7	13000238	13000259	13000238	13000350	+
V139	2	miR486_R15_L21	TCGCGTCGTGATGAAGTGCCT	7	13000241	13000261	13000208	13000261	+
V140	2	miR1400_R2_L22	CTATCAATTTGTCTGAGTCTGT	7	13341764	13341785	13341511	13341785	+
V140	2	miR893_R5_L22	TATCAATTTGTCTGAGTCTGTT	7	13341765	13341786	13341510	13341902	+
V141	3	miR1136_R3_L20	GTCATAGTTACACTGATAGA	7	18566917	18566936	18566712	18566936	+
V141	3	miR333_R31_L21	GTCATAGTTACACTGATAGAG	7	18566917	18566937	18566711	18566937	+
V141	3	miR585_R11_L20	TCATAGTTACACTGATAGAG	7	18566918	18566937	18566711	18566937	+
V142	2	miR257_R49_L22	TCGAGAATAGGTTGTTGCATTC	7	19575501	19575522	19575501	19575548	+
V142	2	miR824_R6_L21	CGAGAATAGGTTGTTGCATTC	7	19575502	19575522	19575502	19575547	+
V143	2	miR1266_R2_L21	TTGATTTTAGCTTATGGGAGA	7	42562894	42562914	42562811	42562914	+
V143	2	miR1540_R2_L21	TGATTTTAGCTTATGGGAGAA	7	42562895	42562915	42562810	42562915	+
V144	2	miR672_R9_L21	AGACCGCATAGCGCAGTGGAT	7	451311	451331	451251	451331	-
V144	2	miR475_R17_L20	AGACCGCATAGCGCAGTGGA	7	451312	451331	451251	451331	-
V145	2	miR428_R20_L22	TAAACCAGGTTGGAGCAGAGTT	7	1975794	1975815	1975794	1976020	-
V145	2	miR185_R84_L22	TTAAACCAGGTTGGAGCAGAGT	7	1975795	1975816	1975795	1976019	-
V146	4	miR344_R29_L22	TCGGACCAGGCTTCATTCCCCC	7	4512335	4512356	4512335	4512441	-
V146	4	miR39_R433_L22	TTCGGACCAGGCTTCATTCCCC	7	4512336	4512357	4512336	4512440	-
V146	4	miR126_R138_L21	TTCGGACCAGGCTTCATTCCC	7	4512337	4512357	4512337	4512439	-
V146	4	miR138_R123_L21	TTTCGGACCAGGCTTCATTCC	7	4512338	4512358	4512338	4512438	-
V147	2	miR698_R8_L21	ATTGGAGTGAAGGGAGCTCCA	7	5419053	5419073	5419053	5419216	-
V147	2	miR420_R21_L20	ATTGGAGTGAAGGGAGCTCC	7	5419054	5419073	5418970	5419215	-
V148	2	miR1169_R3_L21	ATTGGAGTGAAGGGAGCTCCT	7	5426967	5426987	5426967	5427129	-
V148	2	miR420_R21_L20	ATTGGAGTGAAGGGAGCTCC	7	5426968	5426987	5426968	5427128	-
V149	3	miR960_R4_L22	TTTGGATTGAAGGGAGCTCTAC	7	9540508	9540529	9540508	9540682	-
V149	3	miR48_R362_L21	TTTGGATTGAAGGGAGCTCTA	7	9540509	9540529	9540509	9540681	-
V149	3	miR634_R9_L20	TTTGGATTGAAGGGAGCTCT	7	9540510	9540529	9540510	9540680	-
V150	2	miR839_R6_L21	AATTAGCTAATGGAGAGCTCT	7	15353303	15353323	15353303	15353392	-
V150	2	miR668_R9_L21	AAATTAGCTAATGGAGAGCTC	7	15353304	15353324	15353304	15353391	-
V151	2	miR336_R31_L21	ATCCTTGGGATGTAGATTACC	7	16424451	16424471	16424451	16424520	-
V151	2	miR372_R27_L22	AATCCTTGGGATGTAGATTACC	7	16424451	16424472	16424451	16424520	-
V152	2	miR354_R28_L21	TAATCTGCATCCTGAGGTTTA	7	16424500	16424520	16424451	16424520	-
V152	2	miR68_R282_L20	TAATCTGCATCCTGAGGTTT	7	16424501	16424520	16424451	16424520	-
V153	2	miR495_R15_L21	GTCCTTGGGATGCAGATTATC	7	16449012	16449032	16448889	16449076	-
V153	2	miR780_R7_L22	AGTCCTTGGGATGCAGATTATC	7	16449012	16449033	16448888	16449033	-
V154	2	miR354_R28_L21	TAATCTGCATCCTGAGGTTTA	7	16449056	16449076	16449012	16449076	-
V154	2	miR68_R282_L20	TAATCTGCATCCTGAGGTTT	7	16449057	16449076	16449012	16449076	-
V155	5	miR203_R71_L21	TAGGACTATGGTTTGGACAAG	7	16776629	16776649	16776411	16776649	-
V155	5	miR147_R118_L21	TTAGGACTATGGTTTGGACAA	7	16776630	16776650	16776410	16776650	-
V155	5	miR872_R5_L21	TTTAGGACTATGGTTTGGACA	7	16776631	16776651	16776409	16776651	-
V155	5	miR1075_R3_L21	TTTCTTTAGGACTATGGTTTG	7	16776635	16776655	16776405	16776655	-
V155	5	miR866_R6_L22	ATTTCTTTAGGACTATGGTTTG	7	16776635	16776656	16776404	16776656	-
V156	2	miR774_R7_L22	TTGGCTAAAGGTAGTTTCCCTT	7	17272154	17272175	17272154	17272301	-
V156	2	miR123_R145_L22	CTTTGGCTAAAGGTAGTTTCCC	7	17272156	17272177	17272156	17272299	-
V157	2	miR1123_R3_L22	TAGGCTTGTTTCTACTGTTCCT	7	19841288	19841309	19841288	19841339	-
V157	2	miR561_R12_L22	CTAGGCTTGTTTCTACTGTTCC	7	19841289	19841310	19841289	19841337	-
V158	2	miR60_R317_L22	CAGAATGAGACCTTGAGCGTGG	7	29752855	29752876	29752855	29753094	-
V158	2	miR769_R7_L22	TCAGAATGAGACCTTGAGCGTG	7	29752856	29752877	29752856	29753093	-
V159	2	miR1188_R3_L22	AAGAGGCCACCATTATGCGGAG	7	36142890	36142911	36142792	36142911	-
V159	2	miR530_R13_L22	CAAGAGGCCACCATTATGCGGA	7	36142891	36142912	36142791	36142912	-
V160	2	miR954_R5_L21	CCGTTTGAGAAATAGCACTCA	7	42440131	42440151	42439888	42440151	-
V160	2	miR1160_R3_L20	CCGTTTGAGAAATAGCACTC	7	42440132	42440151	42439888	42440151	-
V161	2	miR1111_R3_L22	TCATTTTTAAAATAGGCATTGG	7	45057421	45057442	45057364	45057442	-
V161	2	miR59_R318_L22	TTCATTTTTAAAATAGGCATTG	7	45057422	45057443	45057363	45057443	-
V162	2	miR142_R121_L21	TTGAGCCGTGCCAATATCACA	7	45559602	45559622	45559602	45559685	-
V162	2	miR40_R422_L21	TGATTGAGCCGTGCCAATATC	7	45559605	45559625	45559605	45559682	-
V163	2	miR1271_R2_L20	TTGACAGAAGATAGAGAGCA	8	3912005	3912024	3912005	3912118	+
V163	2	miR33_R465_L21	TTGACAGAAGATAGAGAGCAC	8	3912005	3912025	3912005	3912118	+
V164	2	miR228_R60_L21	GCTCTCTATACTTCTGTCATC	8	3912097	3912117	3912006	3912117	+
V164	2	miR1562_R2_L22	GCTCTCTATACTTCTGTCATCA	8	3912097	3912118	3912005	3912118	+
V165	2	miR1_R795_L21	TCTCGGACCAGGCTTCATTCC	8	15088265	15088285	15088119	15088285	+
V165	2	miR256_R49_L21	TCGGACCAGGCTTCATTCCCG	8	15088267	15088287	15088117	15088287	+
V166	3	miR481_R16_L22	ATTGATTCTCATCACAACATGG	8	23312078	23312099	23311960	23312099	+
V166	3	miR426_R20_L20	TTGATTCTCATCACAACATG	8	23312079	23312098	23312079	23312328	+
V166	3	miR71_R276_L21	TTGATTCTCATCACAACATGG	8	23312079	23312099	23311960	23312328	+
V167	2	miR468_R17_L22	CTCAACCAATGATGACACCGGC	8	39161513	39161534	39161443	39161534	+
V167	2	miR1340_R2_L21	TCAACCAATGATGACACCGGC	8	39161514	39161534	39161443	39161534	+
V168	3	miR183_R85_L21	CTGAAGTGTTTGGGGGAACTC	8	43539746	43539766	43539690	43539766	+
V168	3	miR332_R31_L20	TGAAGTGTTTGGGGGAACTC	8	43539747	43539766	43539690	43539766	+
V168	3	miR79_R247_L21	TGAAGTGTTTGGGGGAACTCC	8	43539747	43539767	43539689	43539767	+
V169	2	miR1373_R2_L22	GCCTCAAAGGCTTCCACTACTG	8	49752936	49752957	49752936	49753016	+
V169	2	miR62_R307_L21	CCTCAAAGGCTTCCACTACTG	8	49752937	49752957	49752937	49753014	+
V170	3	miR464_R17_L21	TAGTGGAACTTTGAGGCCTGC	8	49763317	49763337	49763317	49763561	+
V170	3	miR456_R18_L20	AGTGGAACTTTGAGGCCTGC	8	49763318	49763337	49763318	49763560	+
V170	3	miR938_R5_L21	AGTGGAACTTTGAGGCCTGCT	8	49763318	49763338	49763253	49763338	+
V171	3	miR385_R25_L21	TCCCTCAAAGGCTTCCAGTAT	8	49768895	49768915	49768895	49768978	+
V171	3	miR384_R25_L22	TCCCTCAAAGGCTTCCAGTATT	8	49768895	49768916	49768895	49768978	+
V171	3	miR345_R29_L21	CCCTCAAAGGCTTCCAGTATT	8	49768896	49768916	49768896	49768977	+
V172	3	miR1296_R2_L21	TGCTGGATGTCTTTGAAGGAA	8	49768957	49768977	49768896	49768977	+
V172	3	miR1005_R4_L20	GCTGGATGTCTTTGAAGGAA	8	49768958	49768977	49768896	49768977	+
V172	3	miR158_R102_L21	GCTGGATGTCTTTGAAGGAAC	8	49768958	49768978	49768895	49768978	+
V173	2	miR1397_R2_L22	CTCGGACCAGGCTTCATTCCCC	8	300774	300795	300774	300899	-
V173	2	miR1_R795_L21	TCTCGGACCAGGCTTCATTCC	8	300776	300796	300776	300897	-
V174	3	miR87_R214_L22	TCGGACCAGGCTTCATTCCCCT	8	301019	301040	300879	301104	-
V174	3	miR39_R433_L22	TTCGGACCAGGCTTCATTCCCC	8	301020	301041	300878	301103	-
V174	3	miR126_R138_L21	TTCGGACCAGGCTTCATTCCC	8	301021	301041	301021	301102	-
V175	4	miR210_R68_L22	TTGGACTGAAGGGAGCTCCCTT	8	1664541	1664562	1664541	1664711	-
V175	4	miR127_R137_L21	TTGGACTGAAGGGAGCTCCCT	8	1664542	1664562	1664542	1664710	-
V175	4	miR27_R544_L20	TTGGACTGAAGGGAGCTCCC	8	1664543	1664562	1664543	1664709	-
V175	4	miR820_R6_L21	CTTGGACTGAAGGGAGCTCCC	8	1664543	1664563	1664543	1664709	-
V176	2	miR1041_R4_L22	CAAGAATTAATTGACAAGCGCA	8	2487094	2487115	2487072	2487115	-
V176	2	miR763_R7_L20	AAGAATTAATTGACAAGCGC	8	2487095	2487114	2487073	2487114	-
V177	3	miR106_R169_L21	ATTGAGTGCAGCGTTGATGAA	8	4662181	4662201	4662114	4662201	-
V177	3	miR751_R7_L20	ATTGAGTGCAGCGTTGATGA	8	4662182	4662201	4662114	4662201	-
V177	3	miR134_R126_L21	TCATTGAGTGCAGCGTTGATG	8	4662183	4662203	4662112	4662357	-
V178	2	miR936_R5_L21	TCCGAGCTCCAGTAACACTGT	8	12388856	12388876	12388695	12388876	-
V178	2	miR667_R9_L21	CTCCGAGCTCCAGTAACACTG	8	12388857	12388877	12388694	12388877	-
V179	2	miR334_R31_L22	CTTGGCTTAGGAACTTGGAGAA	8	19705101	19705122	19705066	19705122	-
V179	2	miR908_R5_L21	CTTGGCTTAGGAACTTGGAGA	8	19705102	19705122	19705066	19705122	-
V180	2	miR1392_R2_L21	CTTCCCAAGTAATGTAGGCCT	8	29233959	29233979	29233959	29234165	-
V180	2	miR1321_R2_L22	TCTTCCCAAGTAATGTAGGCCT	8	29233959	29233980	29233959	29234165	-
V181	2	miR792_R6_L21	TTCCTTATCTTCTGAATAAAG	8	32609203	32609223	32609146	32609223	-
V181	2	miR188_R81_L22	TTTCCTTATCTTCTGAATAAAG	8	32609203	32609224	32609145	32609224	-
V182	2	miR1340_R2_L21	TCAACCAATGATGACACCGGC	8	39159201	39159221	39159201	39159292	-
V182	2	miR468_R17_L22	CTCAACCAATGATGACACCGGC	8	39159201	39159222	39159201	39159292	-
V183	3	miR65_R287_L21	TGAAGTGTTTGGGGGAACTCT	8	43537995	43538015	43537995	43538082	-
V183	3	miR332_R31_L20	TGAAGTGTTTGGGGGAACTC	8	43537996	43538015	43537996	43538081	-
V183	3	miR287_R40_L21	TTGAAGTGTTTGGGGGAACTC	8	43537996	43538016	43537996	43538081	-
V184	2	miR864_R6_L21	CCAAGAGGCAGAAAGTGGAGT	9	5259411	5259431	5259411	5259549	+
V184	2	miR848_R6_L22	CCAAGAGGCAGAAAGTGGAGTG	9	5259411	5259432	5259411	5259549	+
V185	3	miR1308_R2_L21	TGAGCCAAGGATGACTTGCCG	9	5301280	5301300	5301280	5301353	+
V185	3	miR163_R99_L22	TGAGCCAAGGATGACTTGCCGG	9	5301280	5301301	5301280	5301353	+
V185	3	miR174_R90_L20	AGCCAAGGATGACTTGCCGG	9	5301282	5301301	5301282	5301351	+
V186	3	miR1308_R2_L21	TGAGCCAAGGATGACTTGCCG	9	5304411	5304431	5304411	5304484	+
V186	3	miR163_R99_L22	TGAGCCAAGGATGACTTGCCGG	9	5304411	5304432	5304411	5304484	+
V186	3	miR174_R90_L20	AGCCAAGGATGACTTGCCGG	9	5304413	5304432	5304413	5304482	+
V187	2	miR170_R95_L21	AAGCCAAGGATGACTTGCCGA	9	5314425	5314445	5314425	5314522	+
V187	2	miR1181_R3_L20	AGCCAAGGATGACTTGCCGA	9	5314426	5314445	5314426	5314521	+
V188	3	miR178_R88_L21	AAGCCAAGGATGACTTGCCGG	9	5318932	5318952	5318932	5319036	+
V188	3	miR174_R90_L20	AGCCAAGGATGACTTGCCGG	9	5318933	5318952	5318933	5319035	+
V188	3	miR119_R149_L21	CAAGGATGACTTGCCGGCATT	9	5318936	5318956	5318936	5319032	+
V189	2	miR972_R4_L21	TTCCATGAAGATTGAGTTCTC	9	12065161	12065181	12065161	12065243	+
V189	2	miR105_R172_L21	TCCATGAAGATTGAGTTCTCC	9	12065162	12065182	12065162	12065242	+
V190	2	miR1266_R2_L21	TTGATTTTAGCTTATGGGAGA	9	20564600	20564620	20564518	20564620	+
V190	2	miR1540_R2_L21	TGATTTTAGCTTATGGGAGAA	9	20564601	20564621	20564517	20564621	+
V191	4	miR920_R5_L21	ATTTTCTTGAGAATTTGGCCT	9	32570952	32570972	32570952	32571038	+
V191	4	miR415_R22_L21	TTCTTGAGAATTTGGCCTCTG	9	32570955	32570975	32570955	32571035	+
V191	4	miR299_R38_L20	TGAGAATTTGGCCTCTGTCC	9	32570959	32570978	32570959	32571031	+
V191	4	miR143_R120_L21	TGAGAATTTGGCCTCTGTCCA	9	32570959	32570979	32570959	32571031	+
V192	4	miR920_R5_L21	ATTTTCTTGAGAATTTGGCCT	9	32578319	32578339	32578319	32578405	+
V192	4	miR415_R22_L21	TTCTTGAGAATTTGGCCTCTG	9	32578322	32578342	32578322	32578402	+
V192	4	miR299_R38_L20	TGAGAATTTGGCCTCTGTCC	9	32578326	32578345	32578326	32578398	+
V192	4	miR143_R120_L21	TGAGAATTTGGCCTCTGTCCA	9	32578326	32578346	32578326	32578398	+
V193	4	miR920_R5_L21	ATTTTCTTGAGAATTTGGCCT	9	32581959	32581979	32581959	32582045	+
V193	4	miR415_R22_L21	TTCTTGAGAATTTGGCCTCTG	9	32581962	32581982	32581962	32582042	+
V193	4	miR299_R38_L20	TGAGAATTTGGCCTCTGTCC	9	32581966	32581985	32581966	32582038	+
V193	4	miR143_R120_L21	TGAGAATTTGGCCTCTGTCCA	9	32581966	32581986	32581966	32582038	+
V194	2	miR231_R58_L22	TCGCTCCCCAGTGGAGTCGCCA	9	32626228	32626249	32626228	32626283	+
V194	2	miR1066_R4_L20	CGCTCCCCAGTGGAGTCGCC	9	32626229	32626248	32626229	32626282	+
V195	5	miR794_R6_L21	TTCCAAAGGGATCGCATTGAT	9	35972247	35972267	35972247	35972370	+
V195	5	miR86_R220_L22	TTCCAAAGGGATCGCATTGATC	9	35972247	35972268	35972247	35972370	+
V195	5	miR1333_R2_L20	TCCAAAGGGATCGCATTGAT	9	35972248	35972267	35972248	35972369	+
V195	5	miR122_R145_L21	TCCAAAGGGATCGCATTGATC	9	35972248	35972268	35972248	35972369	+
V195	5	miR84_R223_L22	TCCAAAGGGATCGCATTGATCT	9	35972248	35972269	35972248	35972369	+
V196	2	miR1460_R2_L21	ATCATGCGATCCCTTAGGAAC	9	35972349	35972369	35972248	35972369	+
V196	2	miR244_R53_L21	TCATGCGATCCCTTAGGAACT	9	35972350	35972370	35972247	35972370	+
V197	2	miR1327_R2_L21	TCGCGGACCAGGCTTCATTCC	9	38308190	38308210	38308089	38308210	+
V197	2	miR290_R40_L21	GCGGACCAGGCTTCATTCCCC	9	38308192	38308212	38308087	38308212	+
V198	2	miR671_R9_L22	AGGGCATGTCTCTTTTGGCAGG	9	38578460	38578481	38578460	38578567	+
V198	2	miR1195_R3_L21	GGGCATGTCTCTTTTGGCAGG	9	38578461	38578481	38578461	38578566	+
V199	4	miR360_R27_L20	CAGCCAAGGATGACTTGCCG	9	40224259	40224278	40224259	40224342	+
V199	4	miR85_R222_L21	CAGCCAAGGATGACTTGCCGG	9	40224259	40224279	40224259	40224342	+
V199	4	miR431_R20_L22	CAGCCAAGGATGACTTGCCGGC	9	40224259	40224280	40224259	40224342	+
V199	4	miR174_R90_L20	AGCCAAGGATGACTTGCCGG	9	40224260	40224279	40224260	40224341	+
V200	3	miR391_R25_L21	TAGGATTTGATTATTAGGAAT	9	40778809	40778829	40778809	40778860	+
V200	3	miR1045_R4_L22	TAGGATTTGATTATTAGGAATT	9	40778809	40778830	40778809	40778860	+
V200	3	miR1029_R4_L21	AGGATTTGATTATTAGGAATT	9	40778810	40778830	40778810	40778859	+
V201	3	miR123_R145_L22	CTTTGGCTAAAGGTAGTTTCCC	9	41450940	41450961	41450818	41450961	+
V201	3	miR871_R5_L22	TTTGGCTAAAGGTAGTTTCCCT	9	41450941	41450962	41450817	41450962	+
V201	3	miR774_R7_L22	TTGGCTAAAGGTAGTTTCCCTT	9	41450942	41450963	41450816	41450963	+
V202	3	miR634_R9_L20	TTTGGATTGAAGGGAGCTCT	9	42137129	42137148	42136978	42137286	+
V202	3	miR48_R362_L21	TTTGGATTGAAGGGAGCTCTA	9	42137129	42137149	42136977	42137286	+
V202	3	miR960_R4_L22	TTTGGATTGAAGGGAGCTCTAC	9	42137129	42137150	42136976	42137150	+
V203	2	miR1266_R2_L21	TTGATTTTAGCTTATGGGAGA	9	42247295	42247315	42247207	42247315	+
V203	2	miR1540_R2_L21	TGATTTTAGCTTATGGGAGAA	9	42247296	42247316	42247206	42247316	+
V204	2	miR503_R14_L21	TATCTTGGCACTATCTCTAAC	9	1353507	1353527	1353437	1353527	-
V204	2	miR653_R9_L22	CTATCTTGGCACTATCTCTAAC	9	1353507	1353528	1353436	1353528	-
V205	2	miR38_R445_L22	TTAGGCTTTGTGGGACGTGATT	9	10412968	10412989	10412968	10413222	-
V205	2	miR579_R11_L22	TTTAGGCTTTGTGGGACGTGAT	9	10412969	10412990	10412969	10413221	-
V206	2	miR900_R5_L21	GGTAGTTTGATCGTGGAATTT	9	14724690	14724710	14724690	14724829	-
V206	2	miR12_R706_L20	GGTAGTTTGATCGTGGAATT	9	14724691	14724710	14724691	14724828	-
V207	2	miR51_R340_L22	CCTCATTCCAAACATCATCTAA	9	16474263	16474284	16474263	16474341	-
V207	2	miR213_R67_L22	CCCTCATTCCAAACATCATCTA	9	16474264	16474285	16474264	16474340	-
V208	4	miR355_R28_L21	GAGGTGTTTGGGATGAGAGAA	9	16474320	16474340	16474264	16474340	-
V208	4	miR719_R8_L22	AGAGGTGTTTGGGATGAGAGAA	9	16474320	16474341	16474263	16474341	-
V208	4	miR739_R7_L20	GAGGTGTTTGGGATGAGAGA	9	16474321	16474340	16474264	16474340	-
V208	4	miR99_R193_L21	AGAGGTGTTTGGGATGAGAGA	9	16474321	16474341	16474263	16474341	-
V209	3	miR374_R26_L22	TTCCGGCAGATTTAAAGTACTT	9	39056681	39056702	39056434	39056702	-
V209	3	miR515_R14_L22	ATTCCGGCAGATTTAAAGTACT	9	39056682	39056703	39056433	39056703	-
V209	3	miR549_R12_L22	TATTCCGGCAGATTTAAAGTAC	9	39056683	39056704	39056432	39056704	-
V210	3	miR87_R214_L22	TCGGACCAGGCTTCATTCCCCT	9	41584651	41584672	41584651	41584773	-
V210	3	miR1397_R2_L22	CTCGGACCAGGCTTCATTCCCC	9	41584652	41584673	41584652	41584772	-
V210	3	miR1_R795_L21	TCTCGGACCAGGCTTCATTCC	9	41584654	41584674	41584654	41584770	-
V211	2	miR169_R96_L22	GCTCTCTAGGCTTCTGTCATCC	9	42309074	42309095	42309074	42309174	-
V211	2	miR620_R10_L21	GCTCTCTAGGCTTCTGTCATC	9	42309075	42309095	42309075	42309173	-
V212	2	miR522_R13_L20	TTGGATTGAAGGGAGCTCCA	9	42826146	42826165	42826146	42826344	-
V212	2	miR750_R7_L21	ATTGGATTGAAGGGAGCTCCA	9	42826146	42826166	42826146	42826344	-
V213	2	miR8_R731_L21	TCGCTTGGTGCAGGTCGGGAA	9	45827626	45827646	45827557	45827646	-
V213	2	miR584_R11_L20	TCGCTTGGTGCAGGTCGGGA	9	45827627	45827646	45827557	45827646	-
V214	2	miR221_R62_L21	CAGCCAAGGATGACTTGCCGT	9	47137612	47137632	47137510	47137632	-
V214	2	miR360_R27_L20	CAGCCAAGGATGACTTGCCG	9	47137613	47137632	47137510	47137632	-
V215	2	miR718_R8_L22	CATGTGCCCCCCTTCCCCATCA	9	50736159	50736180	50736159	50736301	-
V215	2	miR162_R100_L21	CATGTGCCCCCCTTCCCCATC	9	50736160	50736180	50736160	50736300	-
V216	2	miR30_R527_L21	TGGAGAAGCAGGGCACGTGCA	9	50736280	50736300	50736160	50736300	-
V216	2	miR238_R56_L20	TGGAGAAGCAGGGCACGTGC	9	50736281	50736300	50736160	50736300	-
V217	2	miR638_R9_L20	TTAGATTCACGCACAAACTT	10	1243620	1243639	1243577	1243639	+
V217	2	miR57_R322_L21	TTAGATTCACGCACAAACTTG	10	1243620	1243640	1243576	1243640	+
V218	2	miR238_R56_L20	TGGAGAAGCAGGGCACGTGC	10	1715117	1715136	1715117	1715195	+
V218	2	miR30_R527_L21	TGGAGAAGCAGGGCACGTGCA	10	1715117	1715137	1715117	1715195	+
V219	2	miR322_R33_L21	CACGTGCTCCCCTTCTCCAAC	10	1715175	1715195	1715117	1715195	+
V219	2	miR865_R6_L22	CACGTGCTCCCCTTCTCCAACA	10	1715175	1715196	1715116	1715196	+
V220	2	miR83_R242_L20	TGAAGCTGCCAGCATGATCT	10	2797537	2797556	2797537	2797620	+
V220	2	miR47_R363_L21	TGAAGCTGCCAGCATGATCTA	10	2797537	2797557	2797537	2797620	+
V221	2	miR733_R7_L22	TAATACAGAATTCGGAGACAAC	10	3738860	3738881	3738810	3738881	+
V221	2	miR1486_R2_L21	AATACAGAATTCGGAGACAAC	10	3738861	3738881	3738810	3738881	+
V222	2	miR1519_R2_L22	TTTGAATGCCTGTGGAATAGGA	10	18263028	18263049	18262914	18263049	+
V222	2	miR598_R11_L22	TGAATGCCTGTGGAATAGGAAG	10	18263030	18263051	18262913	18263051	+
V223	2	miR769_R7_L22	TCAGAATGAGACCTTGAGCGTG	10	23603669	23603690	23603617	23603690	+
V223	2	miR60_R317_L22	CAGAATGAGACCTTGAGCGTGG	10	23603670	23603691	23603616	23603691	+
V224	2	miR860_R6_L21	TAAGCACCGATGTAGAAATAT	10	29754978	29754998	29754978	29755067	+
V224	2	miR568_R12_L22	TAAGCACCGATGTAGAAATATG	10	29754978	29754999	29754978	29755067	+
V225	2	miR674_R8_L22	TTGGGTCGACAAACATCTTCGT	10	40966521	40966542	40966521	40966620	+
V225	2	miR318_R33_L22	TGGGTCGACAAACATCTTCGTT	10	40966522	40966543	40966522	40966619	+
V226	2	miR238_R56_L20	TGGAGAAGCAGGGCACGTGC	10	41188033	41188052	41188033	41188100	+
V226	2	miR30_R527_L21	TGGAGAAGCAGGGCACGTGCA	10	41188033	41188053	41188033	41188100	+
V227	2	miR322_R33_L21	CACGTGCTCCCCTTCTCCAAC	10	41188080	41188100	41188033	41188100	+
V227	2	miR865_R6_L22	CACGTGCTCCCCTTCTCCAACA	10	41188080	41188101	41188032	41188101	+
V228	3	miR83_R242_L20	TGAAGCTGCCAGCATGATCT	10	42163420	42163439	42163420	42163485	+
V228	3	miR19_R676_L21	TGAAGCTGCCAGCATGATCTG	10	42163420	42163440	42163420	42163485	+
V228	3	miR669_R9_L22	TGAAGCTGCCAGCATGATCTGA	10	42163420	42163441	42163420	42163485	+
V229	2	miR371_R27_L21	AGATCATGTGGCTGCTTCACC	10	42163465	42163485	42163420	42163485	+
V229	2	miR852_R6_L20	GATCATGTGGCTGCTTCACC	10	42163466	42163485	42163420	42163485	+
V230	3	miR1_R795_L21	TCTCGGACCAGGCTTCATTCC	10	44348998	44349018	44348937	44349018	+
V230	3	miR1397_R2_L22	CTCGGACCAGGCTTCATTCCCC	10	44348999	44349020	44348935	44349020	+
V230	3	miR344_R29_L22	TCGGACCAGGCTTCATTCCCCC	10	44349000	44349021	44348934	44349021	+
V231	5	miR794_R6_L21	TTCCAAAGGGATCGCATTGAT	10	48960361	48960381	48960361	48960477	+
V231	5	miR86_R220_L22	TTCCAAAGGGATCGCATTGATC	10	48960361	48960382	48960361	48960477	+
V231	5	miR1333_R2_L20	TCCAAAGGGATCGCATTGAT	10	48960362	48960381	48960362	48960476	+
V231	5	miR122_R145_L21	TCCAAAGGGATCGCATTGATC	10	48960362	48960382	48960362	48960476	+
V231	5	miR84_R223_L22	TCCAAAGGGATCGCATTGATCT	10	48960362	48960383	48960362	48960476	+
V232	2	miR1071_R4_L22	AGGGCTTCTCTTTATTGGCAGG	10	49386489	49386510	49386489	49386562	+
V232	2	miR263_R48_L21	GGGCTTCTCTTTATTGGCAGG	10	49386490	49386510	49386490	49386561	+
V233	4	miR87_R214_L22	TCGGACCAGGCTTCATTCCCCT	10	3062389	3062410	3062389	3062475	-
V233	4	miR39_R433_L22	TTCGGACCAGGCTTCATTCCCC	10	3062390	3062411	3062390	3062474	-
V233	4	miR126_R138_L21	TTCGGACCAGGCTTCATTCCC	10	3062391	3062411	3062391	3062473	-
V233	4	miR138_R123_L21	TTTCGGACCAGGCTTCATTCC	10	3062392	3062412	3062392	3062472	-
V234	4	miR544_R12_L21	TTCGGGAGTGAGAGCCAGTGA	10	3654712	3654732	3654712	3654816	-
V234	4	miR1520_R2_L22	TTTCGGGAGTGAGAGCCAGTGA	10	3654712	3654733	3654712	3654816	-
V234	4	miR166_R97_L21	TTTCGGGAGTGAGAGCCAGTG	10	3654713	3654733	3654713	3654815	-
V234	4	miR1237_R3_L22	ATTTCGGGAGTGAGAGCCAGTG	10	3654713	3654734	3654713	3654815	-
V235	3	miR25_R563_L21	TGCCTGGCTCCCTGTATGCCA	10	4887012	4887032	4886951	4887032	-
V235	3	miR325_R32_L20	TGCCTGGCTCCCTGTATGCC	10	4887013	4887032	4886951	4887032	-
V235	3	miR350_R28_L21	GTGCCTGGCTCCCTGTATGCC	10	4887013	4887033	4886950	4887033	-
V236	2	miR1028_R4_L21	AGGATTTGCAAGTTTTGAGCT	10	21210043	21210063	21210043	21210210	-
V236	2	miR341_R30_L22	AAGGATTTGCAAGTTTTGAGCT	10	21210043	21210064	21210043	21210210	-
V237	2	miR978_R4_L21	TGGATCACACGACAGCCACTG	10	25063941	25063961	25063721	25063961	-
V237	2	miR730_R7_L22	TATGGATCACACGACAGCCACT	10	25063942	25063963	25063719	25063963	-
V238	2	miR191_R76_L21	ATCATGCTATCCCTTTGGATT	10	27972758	27972778	27972758	27972859	-
V238	2	miR555_R12_L21	GATCATGCTATCCCTTTGGAT	10	27972759	27972779	27972759	27972858	-
V239	2	miR95_R196_L22	TCCAAAGGGATCGCATTGATCC	10	27972838	27972859	27972758	27972859	-
V239	2	miR122_R145_L21	TCCAAAGGGATCGCATTGATC	10	27972839	27972859	27972758	27972859	-
V240	2	miR484_R15_L21	TGCACTGCCTCTTCCCTGGCT	10	39588094	39588114	39588094	39588207	-
V240	2	miR5_R745_L21	ATGCACTGCCTCTTCCCTGGC	10	39588095	39588115	39588095	39588206	-
V241	2	miR711_R8_L22	TTGGACTCTCTTCTTTTCATGT	10	43437554	43437575	43437312	43437575	-
V241	2	miR1081_R3_L21	TTGGACTCTCTTCTTTTCATG	10	43437555	43437575	43437312	43437575	-
V242	4	miR119_R149_L21	CAAGGATGACTTGCCGGCATT	10	43437664	43437684	43437580	43437684	-
V242	4	miR174_R90_L20	AGCCAAGGATGACTTGCCGG	10	43437668	43437687	43437577	43437687	-
V242	4	miR85_R222_L21	CAGCCAAGGATGACTTGCCGG	10	43437668	43437688	43437576	43437688	-
V242	4	miR360_R27_L20	CAGCCAAGGATGACTTGCCG	10	43437669	43437688	43437576	43437688	-
V243	2	miR25_R563_L21	TGCCTGGCTCCCTGTATGCCA	10	46946122	46946142	46946061	46946142	-
V243	2	miR325_R32_L20	TGCCTGGCTCCCTGTATGCC	10	46946123	46946142	46946061	46946142	-
V244	2	miR553_R12_L21	GGTTCTTGATCGACGGTGGCA	10	47050317	47050337	47050317	47050371	-
V244	2	miR1002_R4_L20	GGTTCTTGATCGACGGTGGC	10	47050318	47050337	47050318	47050370	-
V245	2	miR503_R14_L21	TATCTTGGCACTATCTCTAAC	10	47675895	47675915	47675782	47675915	-
V245	2	miR653_R9_L22	CTATCTTGGCACTATCTCTAAC	10	47675895	47675916	47675781	47675916	-
V246	2	miR907_R5_L20	GATCATGTGGCAGTTTCACC	10	49686442	49686461	49686442	49686511	-
V246	2	miR1183_R3_L21	AGATCATGTGGCAGTTTCACC	10	49686442	49686462	49686442	49686511	-
V247	3	miR117_R153_L22	TGAAGCTGCCAGCATGATCTTA	10	49686490	49686511	49686442	49686511	-
V247	3	miR46_R371_L21	TGAAGCTGCCAGCATGATCTT	10	49686491	49686511	49686442	49686511	-
V247	3	miR83_R242_L20	TGAAGCTGCCAGCATGATCT	10	49686492	49686511	49686442	49686511	-
V248	3	miR1443_R2_L22	ATTTTGGGGAGGAATTTATTTC	10	50980576	50980597	50980488	50980597	-
V248	3	miR309_R36_L21	TATTTTGGGGAGGAATTTATT	10	50980578	50980598	50980488	50980598	-
V248	3	miR155_R104_L20	TATTTTGGGGAGGAATTTAT	10	50980579	50980598	50980488	50980598	-
V249	4	miR145_R119_L21	TTGGACTGAAGGGGCCTCTTC	10	51436230	51436250	51436230	51436436	-
V249	4	miR487_R15_L22	CTTGGACTGAAGGGGCCTCTTC	10	51436230	51436251	51436230	51436436	-
V249	4	miR94_R198_L20	TTGGACTGAAGGGGCCTCTT	10	51436231	51436250	51436231	51436435	-
V249	4	miR621_R10_L21	CTTGGACTGAAGGGGCCTCTT	10	51436231	51436251	51436231	51436435	-
V250	2	miR15_R694_L22	TCTTCCCTACACCTCCCATACC	10	51693811	51693832	51693811	51693877	-
V250	2	miR804_R6_L21	TCTTCCCTACACCTCCCATAC	10	51693812	51693832	51693812	51693876	-
V251	4	miR525_R13_L22	TATGGGGGGATTGGGAAGGAAT	10	51693856	51693877	51693811	51693877	-
V251	4	miR408_R22_L21	TATGGGGGGATTGGGAAGGAA	10	51693857	51693877	51693811	51693877	-
V251	4	miR708_R8_L20	TATGGGGGGATTGGGAAGGA	10	51693858	51693877	51693811	51693877	-
V251	4	miR1557_R2_L21	GGGTATGGGGGGATTGGGAAG	10	51693860	51693880	51693808	51693880	-
V252	2	miR2_R756_L22	TTGCCGATTCCACCCATTCCTA	10	51698208	51698229	51698208	51698294	-
V252	2	miR381_R25_L21	TTGCCGATTCCACCCATTCCT	10	51698209	51698229	51698209	51698293	-
V253	4	miR18_R676_L22	GGAGATGGGAGGGTCGGTAAAG	10	51698273	51698294	51698208	51698459	-
V253	4	miR1062_R4_L23	GGGAGATGGGAGGGTCGGTAAAG	10	51698273	51698295	51698207	51698295	-
V253	4	miR1560_R2_L21	GGAGATGGGAGGGTCGGTAAA	10	51698274	51698294	51698274	51698458	-
V253	4	miR861_R6_L20	GGAGATGGGAGGGTCGGTAA	10	51698275	51698294	51698275	51698457	-
V254	2	miR388_R25_L22	AGGGATGGAAGGGCAGAGGCCT	10	53918693	53918714	53918693	53918742	-
V254	2	miR928_R5_L21	AGGGATGGAAGGGCAGAGGCC	10	53918694	53918714	53918694	53918741	-
V255	6	miR1391_R2_L20	CTTGGACTGAAGGGAGCTCC	11	1402101	1402120	1401958	1402120	+
V255	6	miR820_R6_L21	CTTGGACTGAAGGGAGCTCCC	11	1402101	1402121	1401957	1402121	+
V255	6	miR1390_R2_L22	CTTGGACTGAAGGGAGCTCCCT	11	1402101	1402122	1401956	1402122	+
V255	6	miR27_R544_L20	TTGGACTGAAGGGAGCTCCC	11	1402102	1402121	1401957	1402121	+
V255	6	miR127_R137_L21	TTGGACTGAAGGGAGCTCCCT	11	1402102	1402122	1401956	1402122	+
V255	6	miR210_R68_L22	TTGGACTGAAGGGAGCTCCCTT	11	1402102	1402123	1401955	1402123	+
V256	4	miR159_R101_L21	CTCCTACTCATTCTGAATGCC	11	4594431	4594451	4594264	4594451	+
V256	4	miR100_R191_L20	TCCTACTCATTCTGAATGCC	11	4594432	4594451	4594264	4594451	+
V256	4	miR462_R17_L21	TCCTACTCATTCTGAATGCCT	11	4594432	4594452	4594263	4594452	+
V256	4	miR1417_R2_L20	CCTACTCATTCTGAATGCCT	11	4594433	4594452	4594263	4594452	+
V257	2	miR527_R13_L20	GTAGCATCATCAAGATTCAC	11	17049623	17049642	17049623	17049745	+
V257	2	miR283_R41_L21	GTAGCATCATCAAGATTCACA	11	17049623	17049643	17049623	17049745	+
V258	2	miR769_R7_L22	TCAGAATGAGACCTTGAGCGTG	11	21572610	21572631	21572554	21572631	+
V258	2	miR60_R317_L22	CAGAATGAGACCTTGAGCGTGG	11	21572611	21572632	21572553	21572632	+
V259	2	miR1533_R2_L22	TTCATGGGTATTGGGTTTTTGG	11	30271466	30271487	30271466	30271531	+
V259	2	miR1457_R2_L22	ATGGGTATTGGGTTTTTGGGAG	11	30271469	30271490	30271469	30271527	+
V260	5	miR820_R6_L21	CTTGGACTGAAGGGAGCTCCC	11	34347334	34347354	34347185	34347354	+
V260	5	miR1390_R2_L22	CTTGGACTGAAGGGAGCTCCCT	11	34347334	34347355	34347184	34347355	+
V260	5	miR27_R544_L20	TTGGACTGAAGGGAGCTCCC	11	34347335	34347354	34347185	34347354	+
V260	5	miR127_R137_L21	TTGGACTGAAGGGAGCTCCCT	11	34347335	34347355	34347184	34347355	+
V260	5	miR210_R68_L22	TTGGACTGAAGGGAGCTCCCTT	11	34347335	34347356	34347183	34347356	+
V261	2	miR122_R145_L21	TCCAAAGGGATCGCATTGATC	11	38066951	38066971	38066951	38067052	+
V261	2	miR95_R196_L22	TCCAAAGGGATCGCATTGATCC	11	38066951	38066972	38066951	38067052	+
V262	2	miR555_R12_L21	GATCATGCTATCCCTTTGGAT	11	38067031	38067051	38066952	38067051	+
V262	2	miR191_R76_L21	ATCATGCTATCCCTTTGGATT	11	38067032	38067052	38066951	38067052	+
V263	2	miR1105_R3_L20	TGACAGAAGAAAGGGAGCAC	11	481733	481752	481673	481752	-
V263	2	miR219_R63_L21	TTGACAGAAGAAAGGGAGCAC	11	481733	481753	481672	481753	-
V264	2	miR36_R451_L22	TCATTTTGCGTGCAATGATCTG	11	6661868	6661889	6661763	6661889	-
V264	2	miR215_R64_L21	TCATTTTGCGTGCAATGATCT	11	6661869	6661889	6661763	6661889	-
V265	2	miR568_R12_L22	TAAGCACCGATGTAGAAATATG	11	15251779	15251800	15251711	15251800	-
V265	2	miR860_R6_L21	TAAGCACCGATGTAGAAATAT	11	15251780	15251800	15251711	15251800	-
V266	2	miR1014_R4_L21	CGCTATCTATCCTGAGTTTCA	11	20906421	20906441	20906421	20906497	-
V266	2	miR220_R62_L21	TTGGCGCTATCTATCCTGAGT	11	20906425	20906445	20906425	20906493	-
V267	2	miR6_R742_L21	AAGCTCAGGAGGGATAGCGCC	11	20906477	20906497	20906421	20906497	-
V267	2	miR1034_R4_L20	AAGCTCAGGAGGGATAGCGC	11	20906478	20906497	20906421	20906497	-
V268	2	miR748_R7_L22	CATGGAAGTGAATCGGGTGACT	11	34233643	34233664	34233565	34233664	-
V268	2	miR77_R258_L21	CATGGAAGTGAATCGGGTGAC	11	34233644	34233664	34233565	34233664	-
V269	3	miR524_R13_L20	TTGAGCCGTGCCAATATCAC	12	8548775	8548794	8548714	8548794	+
V269	3	miR523_R13_L21	TTGAGCCGTGCCAATATCACG	12	8548775	8548795	8548713	8548795	+
V269	3	miR271_R44_L22	TTGAGCCGTGCCAATATCACGA	12	8548775	8548796	8548712	8548796	+
V270	3	miR123_R145_L22	CTTTGGCTAAAGGTAGTTTCCC	12	25123324	25123345	25123202	25123345	+
V270	3	miR871_R5_L22	TTTGGCTAAAGGTAGTTTCCCT	12	25123325	25123346	25123201	25123346	+
V270	3	miR774_R7_L22	TTGGCTAAAGGTAGTTTCCCTT	12	25123326	25123347	25123200	25123347	+
V271	2	miR1204_R3_L21	CTTCTTCCTCTGATTTCTGAC	12	42046288	42046308	42046288	42046448	+
V271	2	miR1056_R4_L21	TTCTTCCTCTGATTTCTGACC	12	42046289	42046309	42046289	42046447	+
V272	2	miR283_R41_L21	GTAGCATCATCAAGATTCACA	12	6201066	6201086	6200969	6201086	-
V272	2	miR527_R13_L20	GTAGCATCATCAAGATTCAC	12	6201067	6201086	6200969	6201086	-
V273	3	miR774_R7_L22	TTGGCTAAAGGTAGTTTCCCTT	12	13099955	13099976	13099955	13100102	-
V273	3	miR871_R5_L22	TTTGGCTAAAGGTAGTTTCCCT	12	13099956	13099977	13099725	13100101	-
V273	3	miR123_R145_L22	CTTTGGCTAAAGGTAGTTTCCC	12	13099957	13099978	13099724	13100100	-
V274	2	miR871_R5_L22	TTTGGCTAAAGGTAGTTTCCCT	12	25112958	25112979	25112958	25113103	-
V274	2	miR123_R145_L22	CTTTGGCTAAAGGTAGTTTCCC	12	25112959	25112980	25112959	25113102	-
V275	2	miR1479_R2_L20	ACCCCCATCCATGTCGCCAC	12	27125115	27125134	27125090	27125134	-
V275	2	miR1167_R3_L21	CACCCCCATCCATGTCGCCAC	12	27125115	27125135	27125089	27125135	-
V276	2	miR672_R9_L21	AGACCGCATAGCGCAGTGGAT	12	36749992	36750012	36749931	36750012	-
V276	2	miR475_R17_L20	AGACCGCATAGCGCAGTGGA	12	36749993	36750012	36749931	36750012	-
V277	2	miR1117_R3_L20	TATTGACGGGAGGTCTCTTA	13	17486217	17486236	17486113	17486236	+
V277	2	miR845_R6_L21	ATTGACGGGAGGTCTCTTAGA	13	17486218	17486238	17486111	17486238	+
V278	3	miR360_R27_L20	CAGCCAAGGATGACTTGCCG	13	22270427	22270446	22270427	22270527	+
V278	3	miR85_R222_L21	CAGCCAAGGATGACTTGCCGG	13	22270427	22270447	22270427	22270527	+
V278	3	miR174_R90_L20	AGCCAAGGATGACTTGCCGG	13	22270428	22270447	22270428	22270526	+
V279	2	miR1104_R3_L21	TGAGCCAGGATGGCTTGCCGG	13	22275071	22275091	22275071	22275151	+
V279	2	miR66_R283_L22	TGAGCCAGGATGGCTTGCCGGC	13	22275071	22275092	22275071	22275151	+
V280	2	miR10_R708_L20	TGACAGAAGAGAGTGAGCAC	13	22854074	22854093	22854074	22854160	+
V280	2	miR310_R35_L21	TGACAGAAGAGAGTGAGCACT	13	22854074	22854094	22854074	22854160	+
V281	2	miR201_R72_L21	TCTCATTCCATACATCGTCTG	13	28212650	28212670	28212587	28212670	+
V281	2	miR9_R713_L22	TCTCATTCCATACATCGTCTGA	13	28212650	28212671	28212586	28212671	+
V282	2	miR63_R300_L21	TTGAGCCGCGCCAATATCACT	13	28641588	28641608	28641523	28641608	+
V282	2	miR1084_R3_L22	TTGAGCCGCGCCAATATCACTT	13	28641588	28641609	28641522	28641609	+
V283	2	miR89_R212_L20	TTCCACAGCTTTCTTGAACT	13	28700314	28700333	28700314	28700402	+
V283	2	miR20_R668_L21	TTCCACAGCTTTCTTGAACTT	13	28700314	28700334	28700314	28700402	+
V284	2	miR40_R422_L21	TGATTGAGCCGTGCCAATATC	13	32879329	32879349	32879274	32879349	+
V284	2	miR142_R121_L21	TTGAGCCGTGCCAATATCACA	13	32879332	32879352	32879271	32879352	+
V285	3	miR76_R271_L21	TACGCAGGAGAGATGACGCTG	13	43486661	43486681	43486661	43486754	+
V285	3	miR996_R4_L22	TACGCAGGAGAGATGACGCTGT	13	43486661	43486682	43486661	43486754	+
V285	3	miR297_R39_L21	ACGCAGGAGAGATGACGCTGT	13	43486662	43486682	43486662	43486753	+
V286	2	miR1003_R4_L21	GGGAATCTTGATGATGCTGCA	13	44288177	44288197	44288044	44288197	+
V286	2	miR737_R7_L21	GGAATCTTGATGATGCTGCAT	13	44288178	44288198	44288043	44288198	+
V287	2	miR89_R212_L20	TTCCACAGCTTTCTTGAACT	13	46448941	46448960	46448941	46449017	+
V287	2	miR20_R668_L21	TTCCACAGCTTTCTTGAACTT	13	46448941	46448961	46448941	46449017	+
V288	3	miR1123_R3_L22	TAGGCTTGTTTCTACTGTTCCT	13	5575275	5575296	5575275	5575326	-
V288	3	miR561_R12_L22	CTAGGCTTGTTTCTACTGTTCC	13	5575276	5575297	5575276	5575324	-
V288	3	miR1416_R2_L22	CCTAGGCTTGTTTCTACTGTTC	13	5575277	5575298	5575277	5575323	-
V289	3	miR1130_R3_L21	TAAGAGAATTGTAAGTCACTT	13	17521122	17521142	17521085	17521142	-
V289	3	miR562_R12_L20	TAAGAGAATTGTAAGTCACT	13	17521123	17521142	17521085	17521142	-
V289	3	miR1583_R2_L20	ATAAGAGAATTGTAAGTCAC	13	17521124	17521143	17521084	17521143	-
V290	3	miR25_R563_L21	TGCCTGGCTCCCTGTATGCCA	13	26090782	26090802	26090721	26090802	-
V290	3	miR325_R32_L20	TGCCTGGCTCCCTGTATGCC	13	26090783	26090802	26090721	26090802	-
V290	3	miR350_R28_L21	GTGCCTGGCTCCCTGTATGCC	13	26090783	26090803	26090720	26090803	-
V291	2	miR28_R539_L21	TTCCACAGCTTTCTTGAACTG	13	28708593	28708613	28708511	28708613	-
V291	2	miR89_R212_L20	TTCCACAGCTTTCTTGAACT	13	28708594	28708613	28708511	28708613	-
V292	2	miR52_R336_L21	TTTGGACCGAAGGGAGCCCCT	13	29439233	29439253	29439233	29439298	-
V292	2	miR1245_R2_L21	TTTTGGACCGAAGGGAGCCCC	13	29439234	29439254	29439234	29439297	-
V293	2	miR789_R6_L21	TTGACGCTGCACTCAATCATG	13	36660525	36660545	36660525	36660630	-
V293	2	miR641_R9_L21	TATTGACGCTGCACTCAATCA	13	36660527	36660547	36660527	36660628	-
V294	3	miR106_R169_L21	ATTGAGTGCAGCGTTGATGAA	13	36660608	36660628	36660527	36660628	-
V294	3	miR751_R7_L20	ATTGAGTGCAGCGTTGATGA	13	36660609	36660628	36660527	36660628	-
V294	3	miR134_R126_L21	TCATTGAGTGCAGCGTTGATG	13	36660610	36660630	36660525	36660630	-
V295	2	miR283_R41_L21	GTAGCATCATCAAGATTCACA	13	43045273	43045293	43045180	43045293	-
V295	2	miR527_R13_L20	GTAGCATCATCAAGATTCAC	13	43045274	43045293	43045180	43045293	-
V296	2	miR122_R145_L21	TCCAAAGGGATCGCATTGATC	14	5047340	5047360	5047340	5047463	+
V296	2	miR95_R196_L22	TCCAAAGGGATCGCATTGATCC	14	5047340	5047361	5047340	5047463	+
V297	2	miR555_R12_L21	GATCATGCTATCCCTTTGGAT	14	5047442	5047462	5047341	5047462	+
V297	2	miR191_R76_L21	ATCATGCTATCCCTTTGGATT	14	5047443	5047463	5047340	5047463	+
V298	2	miR298_R39_L22	TGCTCATTCTCTATCTGTCACC	14	9451950	9451971	9451881	9451971	+
V298	2	miR313_R35_L21	GCTCATTCTCTATCTGTCACC	14	9451951	9451971	9451881	9451971	+
V299	2	miR406_R23_L21	TTTATCAGTAGCATCATCATC	14	13859413	13859433	13859413	13859478	+
V299	2	miR581_R11_L21	TTATCAGTAGCATCATCATCA	14	13859414	13859434	13859414	13859477	+
V300	2	miR89_R212_L20	TTCCACAGCTTTCTTGAACT	14	14012195	14012214	14012195	14012302	+
V300	2	miR28_R539_L21	TTCCACAGCTTTCTTGAACTG	14	14012195	14012215	14012195	14012302	+
V301	2	miR67_R283_L21	ATTCAAGATAGCTGTGGAAAA	14	14012282	14012302	14012195	14012302	+
V301	2	miR868_R6_L21	AAGATAGCTGTGGAAAATCAC	14	14012286	14012306	14012191	14012306	+
V302	2	miR1032_R4_L21	ACCGATGTAGAATGTCAGATT	14	15774041	15774061	15774041	15774117	+
V302	2	miR604_R11_L21	CCGATGTAGAATGTCAGATTT	14	15774042	15774062	15774042	15774116	+
V303	2	miR1032_R4_L21	ACCGATGTAGAATGTCAGATT	14	45700936	45700956	45700862	45700956	+
V303	2	miR604_R11_L21	CCGATGTAGAATGTCAGATTT	14	45700937	45700957	45700861	45700957	+
V304	4	miR1481_R2_L21	AATTTTTCCATGCTGATGATG	14	50022418	50022438	50022418	50022502	+
V304	4	miR1442_R2_L20	ATTTTTCCATGCTGATGATG	14	50022419	50022438	50022419	50022501	+
V304	4	miR626_R10_L21	ATTTTTCCATGCTGATGATGA	14	50022419	50022439	50022419	50022501	+
V304	4	miR1073_R3_L20	TTTTTCCATGCTGATGATGA	14	50022420	50022439	50022420	50022500	+
V305	2	miR421_R21_L20	AGCTGCTGACTCATTCATTC	14	51271111	51271130	51271087	51271130	+
V305	2	miR1469_R2_L21	AGCTGCTGACTCATTCATTCA	14	51271111	51271131	51271086	51271131	+
V306	7	miR1391_R2_L20	CTTGGACTGAAGGGAGCTCC	14	51271216	51271235	51271068	51271235	+
V306	7	miR820_R6_L21	CTTGGACTGAAGGGAGCTCCC	14	51271216	51271236	51271067	51271236	+
V306	7	miR1390_R2_L22	CTTGGACTGAAGGGAGCTCCCT	14	51271216	51271237	51271066	51271237	+
V306	7	miR27_R544_L20	TTGGACTGAAGGGAGCTCCC	14	51271217	51271236	51271067	51271236	+
V306	7	miR127_R137_L21	TTGGACTGAAGGGAGCTCCCT	14	51271217	51271237	51271066	51271237	+
V306	7	miR580_R11_L22	TTGGACTGAAGGGAGCTCCCTC	14	51271217	51271238	51271065	51271238	+
V306	7	miR726_R7_L21	TGGACTGAAGGGAGCTCCCTC	14	51271218	51271238	51271065	51271238	+
V307	2	miR432_R20_L20	AGGTGGGCATACTGTCAACT	14	52749294	52749313	52749233	52749313	+
V307	2	miR480_R16_L21	AGGTGGGCATACTGTCAACTG	14	52749294	52749314	52749232	52749314	+
V308	2	miR1473_R2_L21	AGACTTGTTGAAGGTGTGCTT	14	1428480	1428500	1428480	1428731	-
V308	2	miR493_R15_L21	CGAGACTTGTTGAAGGTGTGC	14	1428482	1428502	1428232	1428729	-
V309	2	miR433_R20_L21	TGTGTTTTCAGGTCACCCATG	14	2738001	2738021	2738001	2738099	-
V309	2	miR541_R13_L22	ATGTGTTTTCAGGTCACCCATG	14	2738001	2738022	2738001	2738099	-
V310	2	miR227_R60_L22	GGGTAGTCCTGAGACCACATGA	14	2738077	2738098	2738002	2738098	-
V310	2	miR706_R8_L21	GGGTAGTCCTGAGACCACATG	14	2738078	2738098	2738002	2738098	-
V311	2	miR349_R28_L21	TTCTCAGGATTTTTTGAAGCC	14	4287466	4287486	4287466	4287627	-
V311	2	miR212_R67_L22	TTTCTCAGGATTTTTTGAAGCC	14	4287466	4287487	4287466	4287627	-
V312	2	miR728_R7_L22	TGATGACATGTGGAAGGCACCA	14	4576786	4576807	4576542	4576807	-
V312	2	miR373_R26_L22	TTGATGACATGTGGAAGGCACC	14	4576787	4576808	4576541	4576808	-
V313	2	miR838_R6_L21	ACATGTGCCTCTTCGTCGCTC	14	6310212	6310232	6310212	6310305	-
V313	2	miR813_R6_L22	TACATGTGCCTCTTCGTCGCTC	14	6310212	6310233	6310212	6310305	-
V314	2	miR1287_R2_L21	TGTCCTGCCTGTATTGTGCCT	14	6745700	6745720	6745700	6745965	-
V314	2	miR225_R61_L22	CGTGTCCTGCCTGTATTGTGCC	14	6745701	6745722	6745701	6745964	-
V315	2	miR10_R708_L20	TGACAGAAGAGAGTGAGCAC	14	10686626	10686645	10686563	10686851	-
V315	2	miR517_R14_L22	ATTGACAGAAGAGAGTGAGCAC	14	10686626	10686647	10686561	10686647	-
V316	2	miR1364_R2_L22	GGGGACTGTCGGCCTTGCCGGT	14	19968358	19968379	19968358	19968421	-
V316	2	miR140_R123_L22	TGGGGACTGTCGGCCTTGCCGG	14	19968359	19968380	19968359	19968421	-
V317	3	miR774_R7_L22	TTGGCTAAAGGTAGTTTCCCTT	14	45379967	45379988	45379739	45379988	-
V317	3	miR871_R5_L22	TTTGGCTAAAGGTAGTTTCCCT	14	45379968	45379989	45379737	45379989	-
V317	3	miR123_R145_L22	CTTTGGCTAAAGGTAGTTTCCC	14	45379969	45379990	45379736	45380112	-
V318	2	miR1196_R3_L21	CCGGTGCTGTGAGAAACGAGG	14	46053791	46053811	46053709	46053811	-
V318	2	miR819_R6_L22	GACCCGGTGCTGTGAGAAACGA	14	46053793	46053814	46053706	46053814	-
V319	5	miR16_R686_L21	TGGACTGAAGGGAGCTCCTTC	14	49272884	49272904	49272884	49273067	-
V319	5	miR1263_R2_L22	TTGGACTGAAGGGAGCTCCTTC	14	49272884	49272905	49272884	49273067	-
V319	5	miR189_R77_L20	TTGGACTGAAGGGAGCTCCT	14	49272886	49272905	49272886	49273065	-
V319	5	miR1391_R2_L20	CTTGGACTGAAGGGAGCTCC	14	49272887	49272906	49272887	49273064	-
V319	5	miR798_R6_L21	TGTGCTTGGACTGAAGGGAGC	14	49272890	49272910	49272890	49273061	-
V320	4	miR1491_R2_L24	AAGACGGAACTTACAAAGATTGTT	14	52663460	52663483	52663401	52663483	-
V320	4	miR511_R14_L21	AGACGGAACTTACAAAGATTG	14	52663462	52663482	52663402	52663482	-
V320	4	miR569_R12_L22	TAAGACGGAACTTACAAAGATT	14	52663463	52663484	52663400	52663484	-
V320	4	miR844_R6_L22	CTAAGACGGAACTTACAAAGAT	14	52663464	52663485	52663399	52663485	-
V321	2	miR959_R4_L21	TTTGGCATTCTGTCCACCTCC	15	3862975	3862995	3862975	3863038	+
V321	2	miR22_R605_L20	TTGGCATTCTGTCCACCTCC	15	3862976	3862995	3862976	3863037	+
V322	3	miR1311_R2_L20	TGAGACCAAATGAGCAGCTG	15	4410283	4410302	4410283	4410352	+
V322	3	miR11_R707_L21	TGAGACCAAATGAGCAGCTGA	15	4410283	4410303	4410283	4410352	+
V322	3	miR1310_R2_L22	TGAGACCAAATGAGCAGCTGAC	15	4410283	4410304	4410283	4410352	+
V323	5	miR1587_R2_L22	AATAGAAGCTCCCCATGTTCTC	15	5498320	5498341	5498177	5498341	+
V323	5	miR508_R14_L21	ATAGAAGCTCCCCATGTTCTC	15	5498321	5498341	5498177	5498341	+
V323	5	miR369_R27_L22	ATAGAAGCTCCCCATGTTCTCA	15	5498321	5498342	5498176	5498342	+
V323	5	miR812_R6_L20	TAGAAGCTCCCCATGTTCTC	15	5498322	5498341	5498177	5498341	+
V323	5	miR14_R704_L21	TAGAAGCTCCCCATGTTCTCA	15	5498322	5498342	5498176	5498342	+
V324	3	miR137_R124_L21	CAGCCAAGGGTGATTTGCCGG	15	14371590	14371610	14371590	14371694	+
V324	3	miR655_R9_L22	CAGCCAAGGGTGATTTGCCGGC	15	14371590	14371611	14371590	14371694	+
V324	3	miR132_R129_L21	AGCCAAGGGTGATTTGCCGGC	15	14371591	14371611	14371591	14371693	+
V325	4	miR1308_R2_L21	TGAGCCAAGGATGACTTGCCG	15	14391902	14391922	14391902	14391963	+
V325	4	miR163_R99_L22	TGAGCCAAGGATGACTTGCCGG	15	14391902	14391923	14391902	14391963	+
V325	4	miR1307_R2_L23	TGAGCCAAGGATGACTTGCCGGT	15	14391902	14391924	14391902	14391963	+
V325	4	miR174_R90_L20	AGCCAAGGATGACTTGCCGG	15	14391904	14391923	14391904	14391961	+
V326	3	miR448_R18_L23	TTGAGCCAAGGATGACTTGCCGA	15	14397026	14397048	14397026	14397107	+
V326	3	miR1308_R2_L21	TGAGCCAAGGATGACTTGCCG	15	14397027	14397047	14397027	14397106	+
V326	3	miR1181_R3_L20	AGCCAAGGATGACTTGCCGA	15	14397029	14397048	14397029	14397104	+
V327	3	miR1308_R2_L21	TGAGCCAAGGATGACTTGCCG	15	14409509	14409529	14409509	14409582	+
V327	3	miR163_R99_L22	TGAGCCAAGGATGACTTGCCGG	15	14409509	14409530	14409509	14409582	+
V327	3	miR174_R90_L20	AGCCAAGGATGACTTGCCGG	15	14409511	14409530	14409511	14409580	+
V328	3	miR1308_R2_L21	TGAGCCAAGGATGACTTGCCG	15	14412184	14412204	14412184	14412263	+
V328	3	miR163_R99_L22	TGAGCCAAGGATGACTTGCCGG	15	14412184	14412205	14412184	14412263	+
V328	3	miR174_R90_L20	AGCCAAGGATGACTTGCCGG	15	14412186	14412205	14412186	14412261	+
V329	3	miR1308_R2_L21	TGAGCCAAGGATGACTTGCCG	15	14415106	14415126	14415106	14415167	+
V329	3	miR163_R99_L22	TGAGCCAAGGATGACTTGCCGG	15	14415106	14415127	14415106	14415167	+
V329	3	miR174_R90_L20	AGCCAAGGATGACTTGCCGG	15	14415108	14415127	14415108	14415165	+
V330	2	miR170_R95_L21	AAGCCAAGGATGACTTGCCGA	15	14423409	14423429	14423409	14423505	+
V330	2	miR1181_R3_L20	AGCCAAGGATGACTTGCCGA	15	14423410	14423429	14423410	14423504	+
V331	2	miR1266_R2_L21	TTGATTTTAGCTTATGGGAGA	15	20279904	20279924	20279820	20279924	+
V331	2	miR1540_R2_L21	TGATTTTAGCTTATGGGAGAA	15	20279905	20279925	20279819	20279925	+
V332	2	miR20_R668_L21	TTCCACAGCTTTCTTGAACTT	15	633108	633128	633052	633128	-
V332	2	miR89_R212_L20	TTCCACAGCTTTCTTGAACT	15	633109	633128	633052	633128	-
V333	2	miR737_R7_L21	GGAATCTTGATGATGCTGCAT	15	2973009	2973029	2973009	2973159	-
V333	2	miR1003_R4_L21	GGGAATCTTGATGATGCTGCA	15	2973010	2973030	2973010	2973158	-
V334	2	miR142_R121_L21	TTGAGCCGTGCCAATATCACA	15	8547118	8547138	8547118	8547199	-
V334	2	miR40_R422_L21	TGATTGAGCCGTGCCAATATC	15	8547121	8547141	8547121	8547196	-
V335	2	miR207_R69_L21	TGCCTGGCTCCCTGAATGCCA	15	9790106	9790126	9790043	9790126	-
V335	2	miR1098_R3_L20	TGCCTGGCTCCCTGAATGCC	15	9790107	9790126	9790043	9790126	-
V336	2	miR568_R12_L22	TAAGCACCGATGTAGAAATATG	15	17040131	17040152	17040108	17040152	-
V336	2	miR860_R6_L21	TAAGCACCGATGTAGAAATAT	15	17040132	17040152	17040108	17040152	-
V337	2	miR1205_R3_L20	CCCTTGTCGGTTTGATTCGT	15	51165104	51165123	51164972	51165123	-
V337	2	miR906_R5_L21	GCCCTTGTCGGTTTGATTCGT	15	51165104	51165124	51164971	51165124	-
V338	2	miR1266_R2_L21	TTGATTTTAGCTTATGGGAGA	16	3672931	3672951	3672909	3672951	+
V338	2	miR1540_R2_L21	TGATTTTAGCTTATGGGAGAA	16	3672932	3672952	3672908	3672952	+
V339	2	miR1012_R4_L20	CTGACAGAAGATAGAGAGCA	16	6521865	6521884	6521740	6521884	+
V339	2	miR329_R32_L21	CTGACAGAAGATAGAGAGCAT	16	6521865	6521885	6521739	6521885	+
V340	2	miR466_R17_L20	GGCCGAAGATGAAGAGCTTT	16	7267801	7267820	7267801	7267882	+
V340	2	miR736_R7_L21	GGCCGAAGATGAAGAGCTTTG	16	7267801	7267821	7267801	7267882	+
V341	2	miR773_R7_L21	ATTGCTTGTTGCTTCAAAGGA	16	28591221	28591241	28591221	28591491	+
V341	2	miR670_R9_L22	ATTGCTTGTTGCTTCAAAGGAT	16	28591221	28591242	28591221	28591491	+
V342	3	miR58_R319_L21	TGTTGTTTTACCTATTCCACC	16	32507622	32507642	32507573	32507642	+
V342	3	miR483_R15_L22	TGTTGTTTTACCTATTCCACCC	16	32507622	32507643	32507572	32507643	+
V342	3	miR1080_R3_L22	TTGTTTTACCTATTCCACCCAT	16	32507624	32507645	32507570	32507645	+
V343	2	miR1402_R2_L22	CTAGAAAGGGAAATAGCAGTTG	16	34124797	34124818	34124746	34124818	+
V343	2	miR21_R644_L21	TAGAAAGGGAAATAGCAGTTG	16	34124798	34124818	34124746	34124818	+
V344	5	miR794_R6_L21	TTCCAAAGGGATCGCATTGAT	16	35033647	35033667	35033647	35033777	+
V344	5	miR86_R220_L22	TTCCAAAGGGATCGCATTGATC	16	35033647	35033668	35033647	35033777	+
V344	5	miR1333_R2_L20	TCCAAAGGGATCGCATTGAT	16	35033648	35033667	35033648	35033776	+
V344	5	miR122_R145_L21	TCCAAAGGGATCGCATTGATC	16	35033648	35033668	35033648	35033776	+
V344	5	miR84_R223_L22	TCCAAAGGGATCGCATTGATCT	16	35033648	35033669	35033648	35033776	+
V345	2	miR1460_R2_L21	ATCATGCGATCCCTTAGGAAC	16	35033756	35033776	35033648	35033776	+
V345	2	miR244_R53_L21	TCATGCGATCCCTTAGGAACT	16	35033757	35033777	35033647	35033777	+
V346	2	miR516_R14_L21	ATCATATGTCTGGATTTCTCC	16	36310123	36310143	36309886	36310143	+
V346	2	miR1070_R4_L22	ATCATATGTCTGGATTTCTCCA	16	36310123	36310144	36309885	36310144	+
V347	2	miR671_R9_L22	AGGGCATGTCTCTTTTGGCAGG	16	36387903	36387924	36387903	36388008	+
V347	2	miR1195_R3_L21	GGGCATGTCTCTTTTGGCAGG	16	36387904	36387924	36387904	36388007	+
V348	4	miR344_R29_L22	TCGGACCAGGCTTCATTCCCCC	16	1889687	1889708	1889687	1889793	-
V348	4	miR815_R6_L22	GTCGGACCAGGCTTCATTCCCC	16	1889688	1889709	1889688	1889792	-
V348	4	miR734_R7_L21	GTCGGACCAGGCTTCATTCCC	16	1889689	1889709	1889689	1889791	-
V348	4	miR976_R4_L21	TGTCGGACCAGGCTTCATTCC	16	1889690	1889710	1889690	1889790	-
V349	2	miR698_R8_L21	ATTGGAGTGAAGGGAGCTCCA	16	2780972	2780992	2780900	2781135	-
V349	2	miR420_R21_L20	ATTGGAGTGAAGGGAGCTCC	16	2780973	2780992	2780900	2780992	-
V350	2	miR921_R5_L21	ATTGGAGTGAAGGGAGCTCCG	16	2790819	2790839	2790795	2790982	-
V350	2	miR420_R21_L20	ATTGGAGTGAAGGGAGCTCC	16	2790820	2790839	2790795	2790981	-
V351	2	miR921_R5_L21	ATTGGAGTGAAGGGAGCTCCG	16	2794122	2794142	2794122	2794285	-
V351	2	miR420_R21_L20	ATTGGAGTGAAGGGAGCTCC	16	2794123	2794142	2794123	2794284	-
V352	3	miR1354_R2_L20	GTTCGTATTCACTGAGCATC	16	2861779	2861798	2861713	2861798	-
V352	3	miR1362_R2_L21	GGTTCGTATTCACTGAGCATC	16	2861779	2861799	2861712	2861799	-
V352	3	miR627_R10_L22	TGGTTCGTATTCACTGAGCATC	16	2861779	2861800	2861711	2861800	-
V353	3	miR585_R11_L20	TCATAGTTACACTGATAGAG	16	19672427	19672446	19672331	19672446	-
V353	3	miR333_R31_L21	GTCATAGTTACACTGATAGAG	16	19672427	19672447	19672330	19672447	-
V353	3	miR1136_R3_L20	GTCATAGTTACACTGATAGA	16	19672428	19672447	19672330	19672447	-
V354	3	miR268_R45_L22	TGTTGGCCTCAATGATCAGTCA	16	30393191	30393212	30393191	30393253	-
V354	3	miR717_R8_L22	CTGTTGGCCTCAATGATCAGTC	16	30393192	30393213	30393192	30393252	-
V354	3	miR743_R7_L21	CTGTTGGCCTCAATGATCAGT	16	30393193	30393213	30393193	30393251	-
V355	2	miR868_R6_L21	AAGATAGCTGTGGAAAATCAC	16	32126642	32126662	32126642	32126760	-
V355	2	miR67_R283_L21	ATTCAAGATAGCTGTGGAAAA	16	32126646	32126666	32126646	32126756	-
V356	2	miR424_R21_L21	TGTTGTAAGCACATCTGAGTC	16	32193688	32193708	32193632	32193708	-
V356	2	miR526_R13_L21	GTGTTGTAAGCACATCTGAGT	16	32193689	32193709	32193631	32193709	-
V357	3	miR738_R7_L20	GCTATGAGATCTGAGGGCTT	16	33243394	33243413	33243361	33243413	-
V357	3	miR563_R12_L21	AGCTATGAGATCTGAGGGCTT	16	33243394	33243414	33243360	33243414	-
V357	3	miR110_R159_L22	AAGCTATGAGATCTGAGGGCTT	16	33243394	33243415	33243359	33243415	-
V358	2	miR1070_R4_L22	ATCATATGTCTGGATTTCTCCA	16	37620079	37620100	37620079	37620338	-
V358	2	miR516_R14_L21	ATCATATGTCTGGATTTCTCC	16	37620080	37620100	37620080	37620337	-
V359	2	miR40_R422_L21	TGATTGAGCCGTGCCAATATC	17	1022912	1022932	1022855	1022932	+
V359	2	miR142_R121_L21	TTGAGCCGTGCCAATATCACA	17	1022915	1022935	1022852	1022935	+
V360	2	miR451_R18_L21	GCTGTGCCAGATCTGAGCCTC	17	5975849	5975869	5975718	5975869	+
V360	2	miR589_R11_L20	CTGTGCCAGATCTGAGCCTC	17	5975850	5975869	5975718	5975869	+
V361	2	miR201_R72_L21	TCTCATTCCATACATCGTCTG	17	5975993	5976013	5975930	5976013	+
V361	2	miR9_R713_L22	TCTCATTCCATACATCGTCTGA	17	5975993	5976014	5975929	5976014	+
V362	2	miR89_R212_L20	TTCCACAGCTTTCTTGAACT	17	8833547	8833566	8833547	8833649	+
V362	2	miR28_R539_L21	TTCCACAGCTTTCTTGAACTG	17	8833547	8833567	8833547	8833649	+
V363	2	miR797_R6_L21	TTAATCAAGGAAATCACGGTC	17	9863925	9863945	9863925	9864017	+
V363	2	miR3_R751_L22	TTAATCAAGGAAATCACGGTCG	17	9863925	9863946	9863925	9864017	+
V364	2	miR237_R56_L22	TGGAGGCAGCGGTTCATCGATC	17	9945664	9945685	9945482	9945685	+
V364	2	miR72_R275_L21	GGAGGCAGCGGTTCATCGATC	17	9945665	9945685	9945420	9945749	+
V365	2	miR4_R751_L21	TCGATAAACCTCTGCATCCAG	17	9945729	9945749	9945665	9945749	+
V365	2	miR887_R5_L22	TCGATAAACCTCTGCATCCAGC	17	9945729	9945750	9945664	9945750	+
V366	2	miR1564_R2_L21	GCGCCAAAGAAGAGTTGTCCT	17	10662916	10662936	10662916	10662996	+
V366	2	miR234_R58_L21	CGCCAAAGAAGAGTTGTCCTG	17	10662917	10662937	10662868	10662995	+
V367	2	miR239_R56_L22	TCTGAGAAGAACCATTGGTACC	17	23230368	23230389	23230324	23230389	+
V367	2	miR314_R34_L22	CTGAGAAGAACCATTGGTACCC	17	23230369	23230390	23230323	23230390	+
V368	2	miR311_R35_L22	TCAGGTAGAGAGTTTGAGGTGC	17	36950726	36950747	36950627	36950747	+
V368	2	miR351_R28_L22	CAGGTAGAGAGTTTGAGGTGCC	17	36950727	36950748	36950626	36950748	+
V369	2	miR517_R14_L22	ATTGACAGAAGAGAGTGAGCAC	17	38001933	38001954	38001933	38002019	+
V369	2	miR10_R708_L20	TGACAGAAGAGAGTGAGCAC	17	38001935	38001954	38001846	38002017	+
V370	2	miR432_R20_L20	AGGTGGGCATACTGTCAACT	17	42219893	42219912	42219831	42219912	+
V370	2	miR480_R16_L21	AGGTGGGCATACTGTCAACTG	17	42219893	42219913	42219830	42219913	+
V371	2	miR313_R35_L21	GCTCATTCTCTATCTGTCACC	17	4051035	4051055	4051035	4051118	-
V371	2	miR298_R39_L22	TGCTCATTCTCTATCTGTCACC	17	4051035	4051056	4051035	4051118	-
V372	2	miR310_R35_L21	TGACAGAAGAGAGTGAGCACT	17	4051098	4051118	4051035	4051118	-
V372	2	miR10_R708_L20	TGACAGAAGAGAGTGAGCAC	17	4051099	4051118	4051035	4051118	-
V373	2	miR66_R283_L22	TGAGCCAGGATGGCTTGCCGGC	17	4630212	4630233	4630149	4630233	-
V373	2	miR1104_R3_L21	TGAGCCAGGATGGCTTGCCGG	17	4630213	4630233	4630149	4630233	-
V374	3	miR174_R90_L20	AGCCAAGGATGACTTGCCGG	17	4634970	4634989	4634883	4634989	-
V374	3	miR85_R222_L21	CAGCCAAGGATGACTTGCCGG	17	4634970	4634990	4634882	4634990	-
V374	3	miR360_R27_L20	CAGCCAAGGATGACTTGCCG	17	4634971	4634990	4634882	4634990	-
V375	2	miR174_R90_L20	AGCCAAGGATGACTTGCCGG	17	4637348	4637367	4637272	4637367	-
V375	2	miR178_R88_L21	AAGCCAAGGATGACTTGCCGG	17	4637348	4637368	4637271	4637368	-
V376	3	miR10_R708_L20	TGACAGAAGAGAGTGAGCAC	17	5935327	5935346	5935262	5935346	-
V376	3	miR572_R12_L21	GGCTGACAGAAGAGAGTGAGC	17	5935329	5935349	5935259	5935349	-
V376	3	miR1559_R2_L20	GGCTGACAGAAGAGAGTGAG	17	5935330	5935349	5935259	5935349	-
V377	2	miR20_R668_L21	TTCCACAGCTTTCTTGAACTT	17	8841798	8841818	8841730	8841818	-
V377	2	miR89_R212_L20	TTCCACAGCTTTCTTGAACT	17	8841799	8841818	8841730	8841818	-
V378	2	miR1084_R3_L22	TTGAGCCGCGCCAATATCACTT	17	8890395	8890416	8890395	8890482	-
V378	2	miR63_R300_L21	TTGAGCCGCGCCAATATCACT	17	8890396	8890416	8890396	8890481	-
V379	4	miR16_R686_L21	TGGACTGAAGGGAGCTCCTTC	17	9222554	9222574	9222554	9222626	-
V379	4	miR1263_R2_L22	TTGGACTGAAGGGAGCTCCTTC	17	9222554	9222575	9222554	9222626	-
V379	4	miR73_R274_L21	TTTGGACTGAAGGGAGCTCCT	17	9222556	9222576	9222556	9222624	-
V379	4	miR114_R155_L21	TTTTGGACTGAAGGGAGCTCC	17	9222557	9222577	9222557	9222623	-
V380	2	miR361_R27_L22	TGGACTAAGGTTTTTTGGCACC	17	21439661	21439682	21439661	21439777	-
V380	2	miR98_R193_L22	TTGGACTAAGGTTTTTTGGCAC	17	21439662	21439683	21439662	21439776	-
V381	2	miR868_R6_L21	AAGATAGCTGTGGAAAATCAC	17	35759186	35759206	35759186	35759297	-
V381	2	miR67_R283_L21	ATTCAAGATAGCTGTGGAAAA	17	35759190	35759210	35759190	35759293	-
V382	2	miR28_R539_L21	TTCCACAGCTTTCTTGAACTG	17	35759273	35759293	35759190	35759293	-
V382	2	miR89_R212_L20	TTCCACAGCTTTCTTGAACT	17	35759274	35759293	35759190	35759293	-
V383	2	miR157_R103_L22	TTGAGGGACCAACATTGCATGA	17	38135542	38135563	38135542	38135814	-
V383	2	miR1190_R3_L21	TTGAGGGACCAACATTGCATG	17	38135543	38135563	38135543	38135813	-
V384	2	miR1540_R2_L21	TGATTTTAGCTTATGGGAGAA	17	40627791	40627811	40627791	40627895	-
V384	2	miR1266_R2_L21	TTGATTTTAGCTTATGGGAGA	17	40627792	40627812	40627792	40627894	-
V385	2	miR1241_R3_L20	ACTAGGACGGTCTGAGGCTA	17	41683159	41683178	41683159	41683287	-
V385	2	miR542_R13_L21	AACTAGGACGGTCTGAGGCTA	17	41683159	41683179	41683159	41683287	-
V386	2	miR519_R14_L20	AGCGCTTGTAGCTCAGTGGA	18	2432337	2432356	2432337	2432612	+
V386	2	miR576_R12_L21	AGCGCTTGTAGCTCAGTGGAT	18	2432337	2432357	2432337	2432612	+
V387	2	miR1266_R2_L21	TTGATTTTAGCTTATGGGAGA	18	2470550	2470570	2470476	2470570	+
V387	2	miR1540_R2_L21	TGATTTTAGCTTATGGGAGAA	18	2470551	2470571	2470475	2470571	+
V388	2	miR77_R258_L21	CATGGAAGTGAATCGGGTGAC	18	4434364	4434384	4434364	4434580	+
V388	2	miR748_R7_L22	CATGGAAGTGAATCGGGTGACT	18	4434364	4434385	4434364	4434580	+
V389	2	miR860_R6_L21	TAAGCACCGATGTAGAAATAT	18	16349363	16349383	16349363	16349452	+
V389	2	miR568_R12_L22	TAAGCACCGATGTAGAAATATG	18	16349363	16349384	16349363	16349452	+
V390	2	miR240_R55_L21	CAGACAGATAATGCTAGAGCC	18	16399322	16399342	16399322	16399435	+
V390	2	miR1429_R2_L22	CAGACAGATAATGCTAGAGCCC	18	16399322	16399343	16399322	16399435	+
V391	2	miR1063_R4_L22	GCCGTGGTATCAGGTCCTGCTT	18	20653960	20653981	20653960	20654049	+
V391	2	miR241_R55_L21	GTGGTATCAGGTCCTGCTTCA	18	20653963	20653983	20653963	20654046	+
V392	2	miR53_R333_L20	AACCAGGCTCTGATACCATG	18	20654026	20654045	20653964	20654045	+
V392	2	miR34_R456_L21	AACCAGGCTCTGATACCATGG	18	20654026	20654046	20653963	20654046	+
V393	2	miR197_R73_L21	GCTACATGCTGCACTTGGATC	18	29690629	29690649	29690629	29690842	+
V393	2	miR113_R156_L21	CTACATGCTGCACTTGGATCC	18	29690630	29690650	29690630	29690841	+
V394	2	miR367_R27_L22	ATCTGAAGTATTGTCCCAATGA	18	51081103	51081124	51081103	51081346	+
V394	2	miR168_R96_L21	TCTGAAGTATTGTCCCAATGA	18	51081104	51081124	51081104	51081345	+
V395	2	miR153_R105_L21	ATTGGGACAATACTTTAGATA	18	51081325	51081345	51081104	51081345	+
V395	2	miR61_R311_L21	TTGGGACAATACTTTAGATAT	18	51081326	51081346	51081103	51081346	+
V396	2	miR1034_R4_L20	AAGCTCAGGAGGGATAGCGC	18	51539035	51539054	51539035	51539140	+
V396	2	miR6_R742_L21	AAGCTCAGGAGGGATAGCGCC	18	51539035	51539055	51539035	51539140	+
V397	2	miR238_R56_L20	TGGAGAAGCAGGGCACGTGC	18	52000678	52000697	52000678	52000817	+
V397	2	miR30_R527_L21	TGGAGAAGCAGGGCACGTGCA	18	52000678	52000698	52000678	52000817	+
V398	3	miR481_R16_L22	ATTGATTCTCATCACAACATGG	18	58834660	58834681	58834523	58834681	+
V398	3	miR426_R20_L20	TTGATTCTCATCACAACATG	18	58834661	58834680	58834524	58834680	+
V398	3	miR71_R276_L21	TTGATTCTCATCACAACATGG	18	58834661	58834681	58834523	58834681	+
V399	2	miR191_R76_L21	ATCATGCTATCCCTTTGGATT	18	2517544	2517564	2517544	2517644	-
V399	2	miR555_R12_L21	GATCATGCTATCCCTTTGGAT	18	2517545	2517565	2517545	2517643	-
V400	2	miR95_R196_L22	TCCAAAGGGATCGCATTGATCC	18	2517623	2517644	2517544	2517644	-
V400	2	miR122_R145_L21	TCCAAAGGGATCGCATTGATC	18	2517624	2517644	2517544	2517644	-
V401	5	miR210_R68_L22	TTGGACTGAAGGGAGCTCCCTT	18	4372746	4372767	4372746	4372919	-
V401	5	miR127_R137_L21	TTGGACTGAAGGGAGCTCCCT	18	4372747	4372767	4372747	4372918	-
V401	5	miR1390_R2_L22	CTTGGACTGAAGGGAGCTCCCT	18	4372747	4372768	4372747	4372918	-
V401	5	miR27_R544_L20	TTGGACTGAAGGGAGCTCCC	18	4372748	4372767	4372748	4372917	-
V401	5	miR820_R6_L21	CTTGGACTGAAGGGAGCTCCC	18	4372748	4372768	4372748	4372917	-
V402	2	miR903_R5_L22	GGAACGAGAGCCTCTGTATCTT	18	4997983	4998004	4997983	4998248	-
V402	2	miR441_R19_L22	AGGAACGAGAGCCTCTGTATCT	18	4997984	4998005	4997984	4998247	-
V403	2	miR1014_R4_L21	CGCTATCTATCCTGAGTTTCA	18	5153084	5153104	5153084	5153161	-
V403	2	miR220_R62_L21	TTGGCGCTATCTATCCTGAGT	18	5153088	5153108	5153088	5153157	-
V404	2	miR6_R742_L21	AAGCTCAGGAGGGATAGCGCC	18	5153141	5153161	5153084	5153161	-
V404	2	miR1034_R4_L20	AAGCTCAGGAGGGATAGCGC	18	5153142	5153161	5153084	5153161	-
V405	2	miR831_R6_L21	ATTAGCTAATTTGTAGAAGTT	18	10064494	10064514	10064441	10064514	-
V405	2	miR676_R8_L21	TTCCATTAGCTAATTTGTAGA	18	10064498	10064518	10064437	10064518	-
V406	2	miR378_R26_L22	CAACAAATTTGTAGACTCGGGG	18	12502664	12502685	12502442	12502685	-
V406	2	miR1185_R3_L22	ACAACAAATTTGTAGACTCGGG	18	12502665	12502686	12502441	12502686	-
V407	2	miR306_R36_L21	CTGAAGTGTTTGGGGGAACCC	18	15751238	15751258	15751238	15751320	-
V407	2	miR190_R76_L21	TCTGAAGTGTTTGGGGGAACC	18	15751239	15751259	15751239	15751319	-
V408	2	miR568_R12_L22	TAAGCACCGATGTAGAAATATG	18	16349426	16349447	16349358	16349447	-
V408	2	miR860_R6_L21	TAAGCACCGATGTAGAAATAT	18	16349427	16349447	16349358	16349447	-
V409	2	miR336_R31_L21	ATCCTTGGGATGTAGATTACC	18	48222124	48222144	48222124	48222189	-
V409	2	miR372_R27_L22	AATCCTTGGGATGTAGATTACC	18	48222124	48222145	48222124	48222189	-
V410	2	miR354_R28_L21	TAATCTGCATCCTGAGGTTTA	18	48222169	48222189	48222124	48222189	-
V410	2	miR68_R282_L20	TAATCTGCATCCTGAGGTTT	18	48222170	48222189	48222124	48222189	-
V411	2	miR354_R28_L21	TAATCTGCATCCTGAGGTTTA	18	48250458	48250478	48250414	48250478	-
V411	2	miR68_R282_L20	TAATCTGCATCCTGAGGTTT	18	48250459	48250478	48250414	48250478	-
V412	4	miR182_R86_L22	TAGGACTATGGTTTGGACGAGT	18	48914300	48914321	48914097	48914321	-
V412	4	miR130_R134_L21	TAGGACTATGGTTTGGACGAG	18	48914301	48914321	48914097	48914321	-
V412	4	miR50_R343_L21	TTAGGACTATGGTTTGGACGA	18	48914302	48914322	48914096	48914322	-
V412	4	miR946_R5_L22	TTTAGGACTATGGTTTGGACGA	18	48914302	48914323	48914095	48914323	-
V413	2	miR919_R5_L22	CATGAGAACGATGCACGACTTT	18	51730999	51731020	51730747	51731020	-
V413	2	miR654_R9_L21	CATGAGAACGATGCACGACTT	18	51731000	51731020	51730747	51731020	-
V414	2	miR1540_R2_L21	TGATTTTAGCTTATGGGAGAA	18	52839350	52839370	52839350	52839445	-
V414	2	miR1266_R2_L21	TTGATTTTAGCTTATGGGAGA	18	52839351	52839371	52839351	52839444	-
V415	2	miR904_R5_L22	GCTCTCTAGTCTTCTGTCATCA	18	59793871	59793892	59793871	59793957	-
V415	2	miR269_R45_L21	GCTCTCTAGTCTTCTGTCATC	18	59793872	59793892	59793872	59793956	-
V416	2	miR33_R465_L21	TTGACAGAAGATAGAGAGCAC	18	59793937	59793957	59793871	59793957	-
V416	2	miR1271_R2_L20	TTGACAGAAGATAGAGAGCA	18	59793938	59793957	59793871	59793957	-
V417	2	miR37_R447_L22	TTCCCAATTCCGCCCATTCCTA	18	59804203	59804224	59804203	59804273	-
V417	2	miR971_R4_L21	TTCCCAATTCCGCCCATTCCT	18	59804204	59804224	59804204	59804272	-
V418	3	miR96_R196_L21	GGAATGGGCTGATTGGGAAGT	18	59804253	59804273	59804203	59804273	-
V418	3	miR539_R13_L20	GGAATGGGCTGATTGGGAAG	18	59804254	59804273	59804203	59804273	-
V418	3	miR1558_R2_L21	GGGAATGGGCTGATTGGGAAG	18	59804254	59804274	59804202	59804274	-
V419	2	miR224_R61_L21	GCTGGATGTCTTTGAAGGAAT	18	59968126	59968146	59968126	59968195	-
V419	2	miR1005_R4_L20	GCTGGATGTCTTTGAAGGAA	18	59968127	59968146	59968127	59968193	-
V420	3	miR345_R29_L21	CCCTCAAAGGCTTCCAGTATT	18	59968174	59968194	59968127	59968194	-
V420	3	miR384_R25_L22	TCCCTCAAAGGCTTCCAGTATT	18	59968174	59968195	59968126	59968195	-
V420	3	miR385_R25_L21	TCCCTCAAAGGCTTCCAGTAT	18	59968175	59968195	59968126	59968195	-
V421	3	miR951_R5_L22	GTAGTGGATGCCTAGAGGTCCA	18	59999549	59999570	59999549	59999626	-
V421	3	miR1203_R3_L21	GTAGTGGATGCCTAGAGGTCC	18	59999550	59999570	59999550	59999626	-
V421	3	miR1001_R4_L20	GTAGTGGATGCCTAGAGGTC	18	59999551	59999570	59999551	59999625	-
V422	2	miR62_R307_L21	CCTCAAAGGCTTCCACTACTG	18	59999605	59999625	59999551	59999625	-
V422	2	miR1373_R2_L22	GCCTCAAAGGCTTCCACTACTG	18	59999605	59999626	59999549	59999626	-
V423	3	miR370_R27_L22	ATAAGAGAATTGTAAGTCACTG	19	1805124	1805145	1805124	1805203	+
V423	3	miR562_R12_L20	TAAGAGAATTGTAAGTCACT	19	1805125	1805144	1805125	1805202	+
V423	3	miR32_R482_L21	TAAGAGAATTGTAAGTCACTG	19	1805125	1805145	1805125	1805202	+
V424	2	miR816_R6_L21	GTCATCTTTCCTCGGCTGAAG	19	1937987	1938007	1937912	1938007	+
V424	2	miR890_R5_L20	TCATCTTTCCTCGGCTGAAG	19	1937988	1938007	1937913	1938007	+
V425	2	miR765_R7_L22	CTGTGCCTGTATGACTCTTAGT	19	2070655	2070676	2070534	2070676	+
V425	2	miR1298_R2_L21	TGCCTGTATGACTCTTAGTTT	19	2070658	2070678	2070531	2070678	+
V426	3	miR123_R145_L22	CTTTGGCTAAAGGTAGTTTCCC	19	3962099	3962120	3962099	3962354	+
V426	3	miR871_R5_L22	TTTGGCTAAAGGTAGTTTCCCT	19	3962100	3962121	3962100	3962353	+
V426	3	miR774_R7_L22	TTGGCTAAAGGTAGTTTCCCTT	19	3962101	3962122	3962101	3962351	+
V427	3	miR366_R27_L22	ATTGACAGAAGATAGAGAGCAC	19	8864611	8864632	8864611	8864698	+
V427	3	miR1271_R2_L20	TTGACAGAAGATAGAGAGCA	19	8864612	8864631	8864612	8864697	+
V427	3	miR33_R465_L21	TTGACAGAAGATAGAGAGCAC	19	8864612	8864632	8864612	8864697	+
V428	2	miR83_R242_L20	TGAAGCTGCCAGCATGATCT	19	43440732	43440751	43440703	43440813	+
V428	2	miR47_R363_L21	TGAAGCTGCCAGCATGATCTA	19	43440732	43440752	43440702	43440813	+
V429	2	miR238_R56_L20	TGGAGAAGCAGGGCACGTGC	19	49772523	49772542	49772523	49772595	+
V429	2	miR30_R527_L21	TGGAGAAGCAGGGCACGTGCA	19	49772523	49772543	49772523	49772595	+
V430	2	miR380_R26_L21	AAGTCATCGTGTTGCACCTCT	19	50282841	50282861	50282841	50283117	+
V430	2	miR337_R31_L20	AGTCATCGTGTTGCACCTCT	19	50282842	50282861	50282842	50283116	+
V431	2	miR238_R56_L20	TGGAGAAGCAGGGCACGTGC	19	51168162	51168181	51168162	51168238	+
V431	2	miR30_R527_L21	TGGAGAAGCAGGGCACGTGCA	19	51168162	51168182	51168162	51168238	+
V432	2	miR322_R33_L21	CACGTGCTCCCCTTCTCCAAC	19	51168218	51168238	51168162	51168238	+
V432	2	miR865_R6_L22	CACGTGCTCCCCTTCTCCAACA	19	51168218	51168239	51168161	51168239	+
V433	3	miR32_R482_L21	TAAGAGAATTGTAAGTCACTG	19	1805177	1805197	1805120	1805197	-
V433	3	miR370_R27_L22	ATAAGAGAATTGTAAGTCACTG	19	1805177	1805198	1805119	1805198	-
V433	3	miR562_R12_L20	TAAGAGAATTGTAAGTCACT	19	1805178	1805197	1805120	1805197	-
V434	2	miR33_R465_L21	TTGACAGAAGATAGAGAGCAC	19	8864672	8864692	8864607	8864692	-
V434	2	miR1271_R2_L20	TTGACAGAAGATAGAGAGCA	19	8864673	8864692	8864607	8864692	-
V435	2	miR709_R8_L21	TGTGATCCAAGAACATTCTTG	19	24510166	24510186	24510050	24510186	-
V435	2	miR782_R6_L22	TTTTGTGATCCAAGAACATTCT	19	24510168	24510189	24510047	24510189	-
V436	2	miR1228_R3_L22	CTTTGGTCTAGAAATGAAGCTC	19	34261651	34261672	34261609	34261672	-
V436	2	miR847_R6_L21	CTTTGGTCTAGAAATGAAGCT	19	34261652	34261672	34261609	34261672	-
V437	3	miR90_R211_L21	TACGGGTCGCTCTCACCTAGG	19	42268874	42268894	42268874	42268985	-
V437	3	miR490_R15_L22	ATACGGGTCGCTCTCACCTAGG	19	42268874	42268895	42268874	42268985	-
V437	3	miR223_R61_L21	TCGATACGGGTCGCTCTCACC	19	42268878	42268898	42268878	42268981	-
V438	3	miR25_R563_L21	TGCCTGGCTCCCTGTATGCCA	19	45412112	45412132	45412051	45412132	-
V438	3	miR325_R32_L20	TGCCTGGCTCCCTGTATGCC	19	45412113	45412132	45412051	45412132	-
V438	3	miR350_R28_L21	GTGCCTGGCTCCCTGTATGCC	19	45412113	45412133	45412050	45412133	-
V439	2	miR974_R4_L21	TTAGGTTCTTTTGGTGCTCTT	20	38240790	38240810	38240790	38240937	+
V439	2	miR476_R16_L21	TAGGTTCTTTTGGTGCTCTTC	20	38240791	38240811	38240791	38240936	+
V440	2	miR381_R25_L21	TTGCCGATTCCACCCATTCCT	20	40692238	40692258	40692154	40692258	+
V440	2	miR2_R756_L22	TTGCCGATTCCACCCATTCCTA	20	40692238	40692259	40692153	40692259	+
V441	3	miR708_R8_L20	TATGGGGGGATTGGGAAGGA	20	40703089	40703108	40703089	40703155	+
V441	3	miR408_R22_L21	TATGGGGGGATTGGGAAGGAA	20	40703089	40703109	40703089	40703155	+
V441	3	miR525_R13_L22	TATGGGGGGATTGGGAAGGAAT	20	40703089	40703110	40703089	40703155	+
V442	2	miR804_R6_L21	TCTTCCCTACACCTCCCATAC	20	40703134	40703154	40703090	40703154	+
V442	2	miR15_R694_L22	TCTTCCCTACACCTCCCATACC	20	40703134	40703155	40703089	40703155	+
V443	4	miR621_R10_L21	CTTGGACTGAAGGGGCCTCTT	20	41018681	41018701	41018503	41018701	+
V443	4	miR487_R15_L22	CTTGGACTGAAGGGGCCTCTTC	20	41018681	41018702	41018502	41018702	+
V443	4	miR94_R198_L20	TTGGACTGAAGGGGCCTCTT	20	41018682	41018701	41018503	41018701	+
V443	4	miR145_R119_L21	TTGGACTGAAGGGGCCTCTTC	20	41018682	41018702	41018502	41018702	+
V444	3	miR83_R242_L20	TGAAGCTGCCAGCATGATCT	20	43325325	43325344	43325325	43325394	+
V444	3	miR46_R371_L21	TGAAGCTGCCAGCATGATCTT	20	43325325	43325345	43325325	43325394	+
V444	3	miR117_R153_L22	TGAAGCTGCCAGCATGATCTTA	20	43325325	43325346	43325325	43325394	+
V445	2	miR1183_R3_L21	AGATCATGTGGCAGTTTCACC	20	43325374	43325394	43325325	43325394	+
V445	2	miR907_R5_L20	GATCATGTGGCAGTTTCACC	20	43325375	43325394	43325325	43325394	+
V446	3	miR350_R28_L21	GTGCCTGGCTCCCTGTATGCC	20	45985583	45985603	45985583	45985665	+
V446	3	miR325_R32_L20	TGCCTGGCTCCCTGTATGCC	20	45985584	45985603	45985584	45985664	+
V446	3	miR25_R563_L21	TGCCTGGCTCCCTGTATGCCA	20	45985584	45985604	45985584	45985664	+
V447	3	miR83_R242_L20	TGAAGCTGCCAGCATGATCT	20	50199543	50199562	50199543	50199608	+
V447	3	miR19_R676_L21	TGAAGCTGCCAGCATGATCTG	20	50199543	50199563	50199543	50199608	+
V447	3	miR669_R9_L22	TGAAGCTGCCAGCATGATCTGA	20	50199543	50199564	50199543	50199608	+
V448	2	miR371_R27_L21	AGATCATGTGGCTGCTTCACC	20	50199588	50199608	50199543	50199608	+
V448	2	miR852_R6_L20	GATCATGTGGCTGCTTCACC	20	50199589	50199608	50199543	50199608	+
V449	2	miR196_R74_L21	AAATCATGACTTTCTCTTGTA	20	228317	228337	228281	228337	-
V449	2	miR1496_R2_L20	AAATCATGACTTTCTCTTGT	20	228318	228337	228281	228337	-
V450	2	miR604_R11_L21	CCGATGTAGAATGTCAGATTT	20	5859390	5859410	5859390	5859469	-
V450	2	miR1032_R4_L21	ACCGATGTAGAATGTCAGATT	20	5859391	5859411	5859391	5859468	-
V451	2	miR888_R5_L22	TCGAATGGATACTGATACATCT	20	33988727	33988748	33988727	33988774	-
V451	2	miR499_R14_L22	TTCGAATGGATACTGATACATC	20	33988728	33988749	33988728	33988773	-
V452	2	miR1540_R2_L21	TGATTTTAGCTTATGGGAGAA	20	38549909	38549929	38549909	38550015	-
V452	2	miR1266_R2_L21	TTGATTTTAGCTTATGGGAGA	20	38549910	38549930	38549910	38550014	-
V453	2	miR263_R48_L21	GGGCTTCTCTTTATTGGCAGG	20	43679652	43679672	43679601	43679672	-
V453	2	miR1071_R4_L22	AGGGCTTCTCTTTATTGGCAGG	20	43679652	43679673	43679600	43679673	-
V454	5	miR84_R223_L22	TCCAAAGGGATCGCATTGATCT	20	44106613	44106634	44106518	44106634	-
V454	5	miR122_R145_L21	TCCAAAGGGATCGCATTGATC	20	44106614	44106634	44106518	44106634	-
V454	5	miR86_R220_L22	TTCCAAAGGGATCGCATTGATC	20	44106614	44106635	44106517	44106635	-
V454	5	miR1333_R2_L20	TCCAAAGGGATCGCATTGAT	20	44106615	44106634	44106518	44106634	-
V454	5	miR794_R6_L21	TTCCAAAGGGATCGCATTGAT	20	44106615	44106635	44106517	44106635	-
V455	3	miR344_R29_L22	TCGGACCAGGCTTCATTCCCCC	20	48533348	48533369	48533348	48533438	-
V455	3	miR1397_R2_L22	CTCGGACCAGGCTTCATTCCCC	20	48533349	48533370	48533349	48533437	-
V455	3	miR1_R795_L21	TCTCGGACCAGGCTTCATTCC	20	48533351	48533371	48533351	48533435	-
V456	2	miR865_R6_L22	CACGTGCTCCCCTTCTCCAACA	20	51232265	51232286	51232265	51232360	-
V456	2	miR322_R33_L21	CACGTGCTCCCCTTCTCCAAC	20	51232266	51232286	51232266	51232359	-
V457	2	miR30_R527_L21	TGGAGAAGCAGGGCACGTGCA	20	51232339	51232359	51232266	51232432	-
V457	2	miR238_R56_L20	TGGAGAAGCAGGGCACGTGC	20	51232340	51232359	51232266	51232431	-
V458	2	miR1586_R2_L22	ACCTGTGGCTGGATGGAATCCA	22	440998	441019	440998	441139	+
V458	2	miR628_R10_L21	CCTGTGGCTGGATGGAATCCA	22	440999	441019	440999	441138	+
V459	2	miR628_R10_L21	CCTGTGGCTGGATGGAATCCA	22	102637	102657	102518	102657	-
V459	2	miR1586_R2_L22	ACCTGTGGCTGGATGGAATCCA	22	102637	102658	102517	102658	-
V460	2	miR628_R10_L21	CCTGTGGCTGGATGGAATCCA	22	351170	351190	351051	351190	-
V460	2	miR1586_R2_L22	ACCTGTGGCTGGATGGAATCCA	22	351170	351191	351050	351191	-
V461	2	miR1329_R2_L20	TCCGTTTTTACGTTATTTCG	23	1220273	1220292	1220245	1220292	+
V461	2	miR889_R5_L21	TCCGTTTTTACGTTATTTCGC	23	1220273	1220293	1220244	1220293	+
