miRNA_ID	cotyledon	flower	leaves	mixed	nodules	pod	root	seed	shoot	stem
miR1000_R4_L20	0	0	2.73	0	0	0	2.6	0	0	0
miR1001_R4_L20	0	0	0	0	0	0	0	4.14	0	0
miR1002_R4_L20	0	0	7.0	0	0	0	0	0	0	0
miR1003_R4_L21	0	3.19	0	0	0	0	0	4.25	0	0
miR1004_R4_L21	0	0	11.29	0	0	0	0	0	0	0
miR1005_R4_L20	0	0	0	0	0	0	0	3.94	0	0
miR1006_R4_L20	0	0	0	0	0	0	3.4	0	0	0
miR1007_R4_L21	0	0	4.74	0	0	0	0	0	0	0
miR1008_R4_L21	0	0	0	0	0	0	0	4.16	0	0
miR1009_R4_L20	0	7.11	0	0	0	0	0	0	0	0
miR100_R191_L20	5.63	5.83	5.72	0	3.59	5.91	6.4	5.9	0	5.7
miR1010_R4_L22	0	0	0	0	0	3.63	3.51	0	0	3.7
miR1011_R4_L22	0	0	2.91	0	0	0	0	0	0	0
miR1012_R4_L20	3.8	0	0	0	0	0	0	3.44	0	4.69
miR1013_R4_L21	0	0	0	0	0	0	0	5.3	0	0
miR1014_R4_L21	0	0	6.95	0	0	0	0	0	0	4.73
miR1015_R4_L21	0	0	0	0	0	0	0	4.13	0	0
miR1016_R4_L22	5.69	0	0	0	0	0	0	0	5.28	0
miR1017_R4_L22	0	0	0	0	0	3.42	0	0	0	3.27
miR1018_R4_L22	0	0	0	0	0	0	0	4.14	0	0
miR1019_R4_L21	0	0	5.0	0	0	0	0	0	0	0
miR101_R187_L22	3.33	4.88	3.89	0	3.33	0	0	4.14	3.39	4.51
miR1020_R4_L21	0	0	2.9	0	0	0	0	0	0	0
miR1021_R4_L21	0	0	0	0	0	0	0	3.17	0	0
miR1022_R4_L22	0	0	3.04	0	0	0	0	3.42	0	0
miR1023_R4_L22	0	0	0	0	0	0	0	3.51	0	0
miR1024_R4_L21	0	0	3.99	0	0	0	0	0	3.04	0
miR1025_R4_L21	0	0	3.24	0	0	0	0	0	0	0
miR1026_R4_L21	2.98	0	0	0	0	0	3.35	7.4	0	0
miR1027_R4_L21	5.08	0	2.85	0	0	0	0	5.47	0	0
miR1028_R4_L21	0	0	2.88	0	0	0	0	0	0	0
miR1029_R4_L21	0	0	4.23	0	0	0	0	0	2.71	0
miR102_R187_L22	9.66	7.45	8.63	0	10.89	5.64	9.31	7.26	9.99	6.19
miR1030_R4_L22	0	0	0	0	0	0	0	3.0	0	0
miR1031_R4_L21	0	0	2.81	0	0	0	0	0	0	0
miR1032_R4_L21	0	0	3.72	0	0	0	0	0	0	0
miR1033_R4_L22	0	0	0	0	0	0	0	2.97	0	0
miR1034_R4_L20	0	2.98	0	0	0	0	0	0	0	0
miR1035_R4_L21	0	0	3.64	0	0	0	0	0	0	0
miR1036_R4_L22	0	0	3.37	0	0	0	0	0	4.55	0
miR1037_R4_L21	3.12	0	4.29	0	0	0	0	0	3.53	0
miR1038_R4_L22	4.21	3.34	0	0	0	0	0	0	3.78	0
miR1039_R4_L22	0	0	0	0	0	2.83	3.18	2.89	3.56	0
miR103_R177_L21	4.15	9.16	5.17	0	0	6.84	0	4.64	7.08	3.32
miR1040_R4_L21	0	0	3.86	0	0	0	4.98	0	0	0
miR1041_R4_L22	0	0	4.64	0	0	0	0	2.76	0	0
miR1042_R4_L21	6.07	0	8.11	0	0	0	0	0	0	0
miR1043_R4_L22	0	0	0	0	0	0	0	0	3.92	3.28
miR1044_R4_L22	0	4.14	5.81	0	0	0	0	0	5.88	0
miR1045_R4_L22	2.64	0	0	3.06	0	0	0	0	4.65	0
miR1046_R4_L21	0	4.38	4.58	0	0	0	9.17	0	0	0
miR1047_R4_L22	0	0	3.93	0	0	0	4.06	0	0	0
miR1048_R4_L22	3.33	0	0	0	0	0	0	0	5.29	0
miR1049_R4_L21	0	0	4.21	0	0	0	0	0	0	0
miR104_R174_L22	6.46	5.27	4.43	5.33	0	5.41	5.66	5.61	7.32	5.5
miR1050_R4_L22	2.79	0	0	0	0	0	0	0	3.4	0
miR1051_R4_L21	0	0	4.74	0	0	0	0	4.6	0	0
miR1052_R4_L21	0	0	3.89	0	0	0	0	0	0	0
miR1053_R4_L21	0	0	4.49	0	0	0	0	0	0	0
miR1054_R4_L21	0	0	0	0	0	0	0	0	4.34	0
miR1055_R4_L21	0	0	5.67	0	0	0	0	0	4.25	0
miR1056_R4_L21	0	0	6.07	0	0	0	0	0	0	0
miR1057_R4_L22	0	0	4.54	0	0	0	0	0	7.73	0
miR1058_R4_L21	0	0	0	0	0	0	7.72	0	0	0
miR1059_R4_L22	0	0	3.88	0	0	0	0	0	4.99	0
miR105_R172_L21	0	3.24	5.45	0	2.77	0	0	0	0	4.47
miR1060_R4_L22	0	0	0	0	0	0	0	0	4.09	0
miR1061_R4_L21	0	0	3.91	0	0	0	0	0	0	0
miR1062_R4_L23	0	0	0	0	4.73	0	0	0	0	0
miR1063_R4_L22	0	0	6.49	0	0	0	0	0	0	0
miR1064_R4_L20	0	0	0	0	0	0	4.84	0	0	0
miR1065_R4_L21	0	0	5.3	5.43	0	0	0	0	0	0
miR1066_R4_L20	0	0	0	0	0	0	0	3.93	0	0
miR1067_R4_L20	0	0	0	0	0	0	5.05	0	0	0
miR1068_R4_L20	0	0	0	0	0	0	0	3.01	0	0
miR1069_R4_L22	0	0	0	0	0	0	0	4.72	0	0
miR106_R169_L21	9.6	8.33	9.47	3.8	0	7.06	6.81	7.46	8.36	9.12
miR1070_R4_L22	0	0	0	0	0	0	4.35	0	0	0
miR1071_R4_L22	0	0	0	0	4.03	0	0	0	0	0
miR1072_R4_L22	0	0	5.36	0	0	0	0	0	6.2	0
miR1073_R3_L20	0	0	0	0	0	0	0	3.41	0	0
miR1074_R3_L22	0	0	0	0	0	0	3.14	0	0	0
miR1075_R3_L21	0	5.01	3.32	0	0	0	0	0	0	2.71
miR1076_R3_L22	0	0	2.89	0	0	0	0	0	0	0
miR1077_R3_L21	4.9	0	0	0	0	0	0	9.35	0	0
miR1078_R3_L22	3.51	0	0	0	0	0	0	0	0	0
miR1079_R3_L21	0	5.52	0	0	0	0	0	2.7	0	0
miR107_R164_L21	5.93	4.73	5.02	5.34	0	4.1	2.81	3.84	0	4.57
miR1080_R3_L22	0	4.22	0	0	0	0	6.25	9.64	0	0
miR1081_R3_L21	0	0	3.58	0	0	0	0	0	2.64	0
miR1082_R3_L21	0	0	2.68	0	0	0	0	0	0	0
miR1083_R3_L21	0	3.64	0	0	0	0	0	0	0	0
miR1084_R3_L22	0	0	0	0	0	0	0	0	0	3.94
miR1085_R3_L21	0	0	2.81	0	0	0	0	0	0	0
miR1086_R3_L21	0	0	3.19	0	0	0	0	0	0	0
miR1087_R3_L21	0	0	4.03	0	0	0	0	0	0	0
miR1088_R3_L22	0	0	0	0	0	0	0	4.36	0	0
miR1089_R3_L21	0	2.69	2.93	0	0	0	0	0	0	0
miR108_R161_L21	3.71	5.46	6.17	5.03	0	5.4	5.89	4.83	0	6.92
miR1090_R3_L22	0	0	0	0	0	0	0	4.18	0	0
miR1091_R3_L22	0	3.22	2.8	0	0	0	0	0	0	0
miR1092_R3_L21	0	0	0	0	0	0	2.77	0	0	0
miR1093_R3_L21	0	0	0	0	0	0	0	2.8	0	0
miR1094_R3_L21	0	0	0	0	0	0	3.87	0	0	0
miR1095_R3_L22	0	0	0	0	0	0	0	4.12	0	0
miR1096_R3_L22	0	0	2.99	0	0	0	0	3.44	0	3.14
miR1097_R3_L21	0	0	3.79	0	0	0	0	0	0	0
miR1098_R3_L20	3.64	0	0	0	0	0	2.67	0	0	0
miR1099_R3_L21	3.17	0	2.93	0	0	0	0	2.94	0	0
miR109_R160_L21	0	3.85	4.84	3.72	0	3.85	0	5.14	3.07	3.66
miR10_R708_L20	10.36	6.45	9.75	12.91	11.45	5.16	11.85	8.79	8.14	9.1
miR1100_R3_L22	0	3.64	3.02	0	0	0	0	0	0	0
miR1101_R3_L22	0	0	0	0	0	3.27	0	0	0	0
miR1102_R3_L22	0	2.94	0	0	0	0	0	3.32	0	0
miR1103_R3_L20	0	3.52	0	0	0	0	0	0	0	0
miR1104_R3_L21	0	0	5.91	0	0	0	2.98	0	0	5.17
miR1105_R3_L20	0	0	0	0	3.47	0	0	9.62	0	0
miR1106_R3_L21	0	0	3.3	0	0	0	0	0	0	0
miR1107_R3_L20	0	0	0	0	0	0	0	3.88	0	0
miR1108_R3_L22	0	0	2.84	0	0	0	0	0	0	0
miR1109_R3_L21	0	0	0	0	0	0	0	0	3.35	0
miR110_R159_L22	5.08	3.98	4.53	0	5.26	3.95	3.73	3.63	3.25	3.62
miR1110_R3_L20	0	0	0	0	0	0	0	5.0	0	0
miR1111_R3_L22	0	0	3.1	0	0	0	2.64	0	0	0
miR1112_R3_L20	0	0	9.48	0	0	0	0	0	0	0
miR1113_R3_L20	0	0	4.4	0	0	0	0	0	0	0
miR1114_R3_L22	0	0	4.45	0	0	0	0	2.77	0	0
miR1115_R3_L21	0	0	2.94	0	0	0	0	0	0	0
miR1116_R3_L21	0	0	2.66	0	0	0	0	3.26	0	0
miR1117_R3_L20	0	0	0	0	0	0	4.8	0	0	0
miR1118_R3_L22	0	0	2.73	0	0	0	0	2.91	0	0
miR1119_R3_L21	0	0	6.76	0	0	0	0	0	0	0
miR111_R157_L21	5.75	4.96	3.99	3.82	0	4.4	4.35	4.7	3.02	6.15
miR1120_R3_L22	0	4.54	0	0	0	0	0	2.7	0	0
miR1121_R3_L22	0	0	0	2.96	0	0	0	0	0	0
miR1122_R3_L22	0	0	2.78	0	0	0	0	0	0	0
miR1123_R3_L22	0	0	2.8	0	0	0	0	0	0	0
miR1124_R3_L21	0	0	0	0	0	0	4.68	0	0	0
miR1125_R3_L20	0	3.2	0	0	0	0	0	0	0	0
miR1126_R3_L22	0	0	0	0	0	0	0	3.91	0	0
miR1127_R3_L21	0	0	0	0	0	0	0	5.77	0	0
miR1128_R3_L21	0	0	0	0	0	0	0	4.04	0	0
miR1129_R3_L22	0	0	0	0	0	0	0	2.79	0	0
miR112_R157_L21	3.92	6.26	7.14	6.22	4.29	5.51	6.45	5.23	6.82	6.11
miR1130_R3_L21	0	0	0	2.89	0	0	0	0	0	0
miR1131_R3_L22	0	0	0	0	0	0	0	4.38	0	0
miR1132_R3_L22	0	3.9	0	0	0	0	0	0	0	0
miR1133_R3_L21	0	0	0	0	4.02	0	2.75	0	0	0
miR1134_R3_L21	0	0	0	0	0	0	0	2.7	0	0
miR1135_R3_L21	0	0	0	0	0	2.84	0	3.7	0	0
miR1136_R3_L20	0	0	0	0	0	0	3.65	0	0	0
miR1137_R3_L22	0	2.75	3.04	0	0	0	0	0	0	0
miR1138_R3_L22	0	0	3.22	0	0	0	0	3.0	3.61	0
miR1139_R3_L22	0	0	0	0	0	0	0	4.99	0	0
miR113_R156_L21	2.79	0	4.7	0	0	0	4.53	2.89	4.89	3.0
miR1140_R3_L20	0	0	0	0	0	0	0	4.32	0	0
miR1141_R3_L20	0	3.73	5.08	0	0	0	0	0	0	0
miR1142_R3_L21	0	0	5.0	0	0	0	0	0	0	0
miR1143_R3_L20	0	0	0	0	0	0	6.07	0	0	0
miR1144_R3_L20	0	4.98	0	0	0	0	0	0	0	0
miR1145_R3_L22	0	3.78	4.3	0	0	0	0	2.95	0	0
miR1146_R3_L20	0	0	3.23	0	0	0	0	0	0	0
miR1147_R3_L22	0	3.35	0	0	0	0	0	0	0	0
miR1148_R3_L20	0	3.8	0	0	0	0	0	0	0	0
miR1149_R3_L21	0	0	6.98	0	0	0	0	0	0	0
miR114_R155_L21	2.92	8.53	5.16	0	0	9.69	6.56	12.16	3.13	0
miR1150_R3_L22	0	0	2.83	0	0	0	0	0	0	0
miR1151_R3_L22	10.74	0	0	0	0	0	0	10.13	0	0
miR1152_R3_L20	0	5.37	0	0	0	0	0	0	0	0
miR1153_R3_L22	0	0	4.52	0	0	0	0	0	0	0
miR1154_R3_L22	4.24	0	0	0	0	0	0	4.04	0	0
miR1155_R3_L22	0	0	4.12	0	0	0	0	0	0	4.3
miR1156_R3_L22	0	0	0	0	2.69	0	0	0	0	0
miR1157_R3_L21	0	2.82	0	0	0	0	0	3.98	0	3.36
miR1158_R3_L22	0	0	0	0	0	0	0	3.34	0	0
miR1159_R3_L22	0	0	2.79	0	0	0	0	0	0	0
miR115_R154_L21	3.34	4.52	0	4.27	5.82	4.14	6.1	5.31	3.52	3.75
miR1160_R3_L20	0	3.22	0	0	0	0	2.69	0	0	0
miR1161_R3_L21	0	2.67	0	0	0	0	0	0	0	0
miR1162_R3_L20	5.63	0	0	0	0	0	0	0	0	0
miR1163_R3_L20	0	0	4.27	0	0	0	0	0	0	0
miR1164_R3_L21	0	0	3.01	0	0	0	0	0	0	0
miR1165_R3_L20	0	3.43	0	0	0	0	0	0	0	0
miR1166_R3_L21	0	0	0	0	0	0	0	3.21	0	0
miR1167_R3_L21	0	0	2.79	0	0	0	0	0	0	0
miR1168_R3_L21	0	0	2.8	0	0	0	0	0	0	0
miR1169_R3_L21	0	0	0	3.28	0	0	6.77	0	0	0
miR116_R154_L22	3.93	4.92	6.92	5.44	0	8.11	6.36	4.44	7.66	3.76
miR1170_R3_L21	0	5.55	3.54	0	0	0	0	0	0	0
miR1171_R3_L20	0	2.84	0	0	3.01	0	0	0	0	0
miR1172_R3_L21	0	0	7.51	0	0	0	0	0	0	0
miR1173_R3_L21	0	0	4.07	0	0	0	0	0	0	0
miR1174_R3_L21	0	0	0	0	0	0	0	3.25	0	0
miR1175_R3_L22	0	3.12	0	0	0	3.08	0	0	0	0
miR1176_R3_L20	0	0	3.62	0	0	0	0	0	0	0
miR1177_R3_L21	0	0	0	0	0	3.44	0	0	0	0
miR1178_R3_L21	0	0	5.7	0	0	0	0	0	0	0
miR1179_R3_L21	0	0	3.2	0	0	0	0	0	0	0
miR117_R153_L22	11.63	10.09	8.7	0	0	10.08	6.96	11.59	7.47	4.9
miR1180_R3_L21	0	0	0	3.05	0	0	0	0	0	0
miR1181_R3_L20	4.82	0	0	0	0	0	0	2.96	0	0
miR1182_R3_L20	0	5.27	0	0	0	0	0	0	0	0
miR1183_R3_L21	0	0	7.38	0	0	0	0	0	0	0
miR1184_R3_L20	0	3.36	0	0	4.05	0	0	0	0	0
miR1185_R3_L22	0	0	3.02	0	0	0	0	0	0	0
miR1186_R3_L21	0	0	4.26	0	0	0	0	0	0	0
miR1187_R3_L22	4.01	0	0	0	0	0	0	2.9	0	0
miR1188_R3_L22	0	0	3.42	0	0	2.76	0	0	0	0
miR1189_R3_L22	0	3.58	0	0	0	0	0	0	0	0
miR118_R150_L21	0	0	5.81	0	0	0	0	0	0	0
miR1190_R3_L21	0	3.64	5.06	0	0	0	0	0	4.61	0
miR1191_R3_L22	0	0	6.37	0	0	0	0	0	5.88	0
miR1192_R3_L21	0	3.12	0	0	0	0	0	0	3.49	0
miR1193_R3_L21	0	0	3.04	0	0	0	0	0	4.75	2.98
miR1194_R3_L22	0	2.97	0	4.05	0	0	0	0	3.24	0
miR1195_R3_L21	0	3.08	0	0	0	0	0	3.38	5.02	0
miR1196_R3_L21	0	0	6.77	0	0	0	0	0	5.94	0
miR1197_R3_L22	0	2.77	0	0	0	0	0	0	3.13	0
miR1198_R3_L22	0	2.96	0	0	0	0	0	0	3.95	0
miR1199_R3_L22	0	3.14	0	0	0	0	0	0	5.32	0
miR119_R149_L21	5.86	0	5.02	2.63	0	0	0	3.3	0	4.53
miR11_R707_L21	12.29	9.63	13.64	13.87	12.5	8.34	9.96	10.02	13.44	9.12
miR1200_R3_L21	0	0	0	0	0	0	0	2.69	4.05	0
miR1201_R3_L22	0	0	2.75	0	0	0	0	0	5.18	0
miR1202_R3_L21	0	0	3.86	0	0	0	0	0	0	0
miR1203_R3_L21	0	0	0	0	0	0	0	0	5.94	0
miR1204_R3_L21	0	0	0	0	0	0	5.23	6.67	0	0
miR1205_R3_L20	0	0	0	0	0	0	0	3.71	4.09	0
miR1206_R3_L21	0	0	0	0	0	0	3.03	0	5.79	0
miR1207_R3_L22	0	0	0	0	0	0	4.14	0	0	0
miR1208_R3_L21	0	0	4.43	0	0	0	0	0	0	0
miR1209_R3_L22	0	0	4.51	0	0	0	0	0	4.29	0
miR120_R147_L21	0	5.98	6.59	7.09	0	0	6.39	7.0	6.35	0
miR1210_R3_L22	0	0	6.35	0	0	0	0	0	0	0
miR1211_R3_L21	0	0	0	0	0	0	0	0	4.43	0
miR1212_R3_L21	0	0	3.8	0	0	0	0	0	4.95	0
miR1213_R3_L21	0	0	0	0	3.51	0	0	0	0	0
miR1214_R3_L22	0	0	0	0	0	0	5.47	0	0	0
miR1215_R3_L22	0	0	5.25	0	0	0	0	0	0	0
miR1216_R3_L21	0	0	4.33	0	0	0	0	0	0	0
miR1217_R3_L22	0	0	0	0	0	0	4.45	0	0	0
miR1218_R3_L22	0	0	4.27	0	0	0	0	0	0	0
miR1219_R3_L21	0	0	6.22	0	0	0	0	0	0	0
miR121_R146_L21	7.93	10.79	10.45	8.24	0	10.08	5.32	8.93	9.84	8.19
miR1220_R3_L22	0	0	0	0	0	0	0	0	3.92	0
miR1221_R3_L21	0	0	5.62	0	0	0	0	0	4.79	0
miR1222_R3_L23	0	0	0	0	0	0	6.32	0	0	0
miR1223_R3_L20	0	0	4.21	0	0	0	0	0	0	0
miR1224_R3_L22	0	0	0	0	0	0	0	0	4.82	0
miR1225_R3_L21	0	0	5.38	0	0	0	0	0	0	0
miR1226_R3_L21	0	0	4.28	0	0	0	0	0	0	0
miR1227_R3_L21	0	0	0	0	0	0	0	3.46	0	0
miR1228_R3_L22	0	0	4.19	0	0	0	0	0	0	0
miR1229_R3_L22	0	0	0	0	0	0	0	0	4.94	0
miR122_R145_L21	0	4.69	4.67	0	3.11	0	0	4.09	0	3.14
miR1230_R3_L21	0	0	3.77	0	0	0	0	0	0	0
miR1231_R3_L22	0	0	4.04	0	0	0	0	0	0	0
miR1232_R3_L20	0	0	0	0	0	0	5.2	0	0	0
miR1233_R3_L22	0	0	0	0	0	0	4.55	0	0	0
miR1234_R3_L22	0	0	3.87	0	0	0	0	0	0	0
miR1235_R3_L21	0	0	0	0	0	0	0	0	4.12	0
miR1236_R3_L22	0	0	4.64	0	0	0	0	0	0	0
miR1237_R3_L22	0	0	0	0	3.5	0	0	0	0	0
miR1238_R3_L22	0	0	0	0	3.28	0	0	0	0	0
miR1239_R3_L21	0	0	0	0	6.9	0	0	0	0	0
miR123_R145_L22	0	4.2	3.67	0	0	0	0	3.32	0	4.49
miR1240_R3_L22	0	0	0	0	4.82	0	0	0	0	0
miR1241_R3_L20	0	0	0	0	3.5	0	6.97	0	0	0
miR1242_R3_L21	0	0	4.02	0	0	0	0	0	0	0
miR1243_R3_L22	0	0	0	0	0	0	4.22	0	0	0
miR1244_R2_L22	0	0	0	0	0	3.07	2.94	0	0	0
miR1245_R2_L21	0	0	5.37	0	0	0	0	0	0	0
miR1246_R2_L21	0	0	0	0	0	3.77	0	3.54	0	0
miR1247_R2_L22	3.47	0	0	0	0	0	0	0	0	0
miR1248_R2_L21	0	2.7	2.92	0	0	0	0	0	0	0
miR1249_R2_L21	0	0	0	0	0	0	0	0	0	2.84
miR124_R144_L21	8.18	10.15	11.47	10.4	0	10.78	11.49	9.94	10.95	9.15
miR1250_R2_L22	0	0	0	0	0	3.2	0	0	0	0
miR1251_R2_L21	0	0	0	0	0	0	0	0	0	3.16
miR1252_R2_L21	0	3.22	0	0	0	0	0	0	0	0
miR1253_R2_L22	0	0	0	0	3.05	0	0	0	0	0
miR1254_R2_L22	0	3.33	0	0	0	4.39	0	0	0	0
miR1255_R2_L20	0	0	0	0	3.32	0	0	0	0	0
miR1256_R2_L21	0	0	3.99	0	0	0	0	0	0	0
miR1257_R2_L21	0	5.82	0	0	0	4.29	0	0	0	0
miR1258_R2_L21	0	0	2.76	0	0	0	0	0	0	0
miR1259_R2_L21	0	2.7	2.68	0	0	0	0	0	0	0
miR125_R140_L21	0	4.41	6.69	0	0	4.31	4.77	4.16	3.82	5.05
miR1260_R2_L22	0	3.03	0	0	0	3.15	0	0	0	0
miR1261_R2_L22	0	2.93	0	0	0	3.86	0	0	0	0
miR1262_R2_L21	0	0	0	0	0	0	0	2.78	0	0
miR1263_R2_L22	0	0	0	0	0	0	9.36	0	0	0
miR1264_R2_L22	0	0	0	0	0	0	0	4.45	0	0
miR1265_R2_L21	0	3.05	0	0	0	0	0	0	0	0
miR1266_R2_L21	0	0	3.04	0	0	0	0	0	0	0
miR1267_R2_L21	0	0	0	0	0	0	0	3.2	0	0
miR1268_R2_L21	0	0	0	0	0	0	0	4.43	0	0
miR1269_R2_L22	0	0	3.5	0	0	0	0	2.8	0	0
miR126_R138_L21	6.7	0	11.06	0	10.13	0	6.55	0	0	6.29
miR1270_R2_L22	0	0	0	0	0	0	0	2.67	0	0
miR1271_R2_L20	0	0	3.0	0	0	0	0	0	0	0
miR1272_R2_L22	0	0	0	0	0	0	0	3.06	0	0
miR1273_R2_L21	3.17	0	5.23	0	0	0	0	0	0	0
miR1274_R2_L21	0	0	2.91	0	0	0	0	0	0	0
miR1275_R2_L22	0	0	3.62	0	0	0	0	0	0	0
miR1276_R2_L22	0	3.53	0	0	0	0	0	0	0	0
miR1277_R2_L21	0	0	2.9	0	0	0	0	0	0	0
miR1278_R2_L22	0	4.96	0	0	0	0	0	0	0	0
miR1279_R2_L22	0	0	0	0	0	0	2.89	0	0	0
miR127_R137_L21	8.66	10.42	9.45	7.05	0	5.56	8.27	8.19	8.27	12.17
miR1280_R2_L22	0	0	0	0	4.27	0	0	0	0	0
miR1281_R2_L22	0	0	0	3.62	0	0	0	0	0	5.88
miR1282_R2_L22	0	3.49	0	0	0	0	0	0	0	0
miR1283_R2_L21	0	0	3.41	0	0	0	0	0	0	0
miR1284_R2_L21	0	0	3.12	0	0	0	0	0	0	0
miR1285_R2_L21	0	0	2.89	0	0	0	0	0	0	0
miR1286_R2_L21	0	0	0	0	0	0	0	3.57	0	0
miR1287_R2_L21	0	0	0	0	0	0	0	3.82	0	0
miR1288_R2_L22	0	0	0	0	0	0	0	2.87	0	0
miR1289_R2_L22	0	0	2.83	0	0	0	0	0	0	0
miR128_R135_L22	2.94	4.96	4.25	5.25	0	3.7	4.2	4.53	3.92	4.04
miR1290_R2_L21	0	0	4.06	0	0	0	0	0	0	0
miR1291_R2_L22	0	4.87	0	0	0	3.18	0	0	0	0
miR1292_R2_L20	0	0	0	0	0	0	0	3.42	0	0
miR1293_R2_L21	0	0	2.81	0	0	0	0	0	0	0
miR1294_R2_L21	0	0	2.8	0	0	0	0	0	0	0
miR1295_R2_L22	6.29	0	0	0	0	0	0	2.6	0	0
miR1296_R2_L21	0	0	3.96	0	0	0	0	0	0	0
miR1297_R2_L22	0	0	0	0	0	0	0	4.11	0	0
miR1298_R2_L21	0	0	4.12	0	0	0	0	0	0	0
miR1299_R2_L21	0	0	2.75	0	0	0	0	0	0	0
miR129_R135_L21	2.89	3.43	3.35	0	2.84	0	0	2.96	0	2.95
miR12_R706_L20	13.02	8.87	14.74	15.86	7.87	8.49	8.53	6.93	13.92	9.95
miR1300_R2_L22	3.15	0	0	0	0	0	0	3.05	0	0
miR1301_R2_L21	0	0	4.16	0	0	0	0	0	0	0
miR1302_R2_L22	0	0	0	0	0	0	0	4.41	0	0
miR1303_R2_L21	2.75	0	0	0	0	0	0	0	0	0
miR1304_R2_L21	0	3.72	0	0	0	0	0	3.44	0	0
miR1305_R2_L21	0	0	3.95	0	0	0	0	0	0	0
miR1306_R2_L21	0	3.06	0	0	0	0	0	2.83	0	0
miR1307_R2_L23	0	0	0	0	0	0	3.93	7.56	0	0
miR1308_R2_L21	0	0	0	5.26	0	0	0	3.71	0	0
miR1309_R2_L21	0	3.68	0	0	0	0	0	0	0	0
miR130_R134_L21	5.92	7.82	10.54	0	0	5.43	4.7	5.45	10.55	6.23
miR1310_R2_L22	3.31	0	0	0	0	0	0	0	0	0
miR1311_R2_L20	0	0	11.15	0	0	0	0	0	0	0
miR1312_R2_L22	0	0	2.8	0	0	0	0	2.73	0	0
miR1313_R2_L21	4.85	0	0	0	0	0	0	0	0	0
miR1314_R2_L22	2.71	0	0	0	0	0	0	0	0	0
miR1315_R2_L21	0	0	3.53	0	0	0	0	0	0	0
miR1316_R2_L22	0	0	0	6.2	0	0	0	6.48	0	0
miR1317_R2_L21	0	0	0	0	0	0	0	4.45	0	0
miR1318_R2_L22	0	0	0	0	0	0	0	2.99	0	0
miR1319_R2_L21	0	0	3.54	0	0	0	0	0	0	0
miR131_R130_L21	7.31	4.61	5.13	5.71	0	4.25	0	4.89	0	3.6
miR1320_R2_L24	0	0	0	0	0	0	0	5.86	0	0
miR1321_R2_L22	0	0	3.09	0	0	0	0	4.25	0	0
miR1322_R2_L21	0	0	0	0	0	0	0	3.02	0	3.12
miR1323_R2_L22	0	0	2.78	0	0	0	0	0	0	0
miR1324_R2_L21	0	0	2.73	0	0	0	0	0	0	0
miR1325_R2_L21	0	0	2.74	0	0	0	0	0	0	0
miR1326_R2_L20	0	0	3.31	0	0	0	0	0	0	0
miR1327_R2_L21	0	0	7.42	0	0	0	0	0	0	0
miR1328_R2_L22	0	0	0	0	0	0	0	3.94	0	0
miR1329_R2_L20	0	4.77	0	0	0	0	0	0	0	0
miR132_R129_L21	6.33	4.43	7.19	4.92	0	3.64	3.14	3.01	0	5.71
miR1330_R2_L22	0	0	3.46	0	0	0	0	0	0	0
miR1331_R2_L22	0	0	2.69	0	0	0	0	0	0	0
miR1332_R2_L21	0	0	5.67	0	0	0	0	3.76	0	0
miR1333_R2_L20	0	3.97	0	0	0	0	2.83	0	0	0
miR1334_R2_L22	0	0	2.69	0	0	0	0	0	0	0
miR1335_R2_L22	0	0	3.34	0	0	0	2.83	0	0	0
miR1336_R2_L21	0	3.33	0	0	0	0	0	0	0	0
miR1337_R2_L21	0	3.37	0	0	0	0	0	0	0	0
miR1338_R2_L20	0	0	0	0	0	0	4.2	0	0	0
miR1339_R2_L21	0	0	0	0	0	0	0	0	2.73	0
miR133_R128_L22	6.09	3.12	6.68	0	5.22	4.55	4.41	5.41	0	4.19
miR1340_R2_L21	0	0	0	0	0	0	0	0	0	3.43
miR1341_R2_L21	2.75	0	0	0	0	0	0	0	0	0
miR1342_R2_L21	0	0	3.6	0	0	0	0	0	0	0
miR1343_R2_L21	0	0	0	0	0	0	0	2.95	0	0
miR1344_R2_L21	0	0	2.92	0	0	0	0	0	0	0
miR1345_R2_L21	3.61	0	0	0	0	0	0	3.91	0	0
miR1346_R2_L21	0	0	2.86	0	0	0	0	0	0	0
miR1347_R2_L21	0	0	2.78	0	0	0	0	0	0	0
miR1348_R2_L21	0	3.11	0	0	0	0	0	0	0	0
miR1349_R2_L21	0	3.14	0	0	0	0	0	0	0	0
miR134_R126_L21	0	0	7.07	0	2.71	0	5.48	7.66	0	4.19
miR1350_R2_L22	0	0	3.55	0	0	0	0	0	0	0
miR1351_R2_L22	0	0	2.66	0	0	0	0	0	0	0
miR1352_R2_L20	0	0	0	0	0	0	0	5.82	0	0
miR1353_R2_L22	0	0	0	0	0	0	0	3.2	0	0
miR1354_R2_L20	0	3.2	0	0	0	0	0	6.78	0	0
miR1355_R2_L21	0	0	2.86	0	0	0	0	2.72	0	0
miR1356_R2_L20	0	0	2.62	0	0	0	0	0	0	0
miR1357_R2_L21	0	0	2.87	0	0	0	0	0	0	0
miR1358_R2_L22	0	0	0	0	0	0	0	3.54	0	0
miR1359_R2_L21	0	0	4.18	0	0	0	0	0	0	0
miR135_R125_L21	3.08	3.16	4.52	3.76	0	3.11	0	3.36	0	2.87
miR1360_R2_L21	0	0	5.18	0	0	0	0	0	0	0
miR1361_R2_L21	0	3.19	0	0	0	0	0	0	0	0
miR1362_R2_L21	0	0	0	0	0	0	4.09	0	0	0
miR1363_R2_L20	0	0	2.64	0	0	0	0	0	0	0
miR1364_R2_L22	0	2.65	0	0	0	0	0	4.0	0	0
miR1365_R2_L22	0	0	4.81	0	0	0	0	0	0	0
miR1366_R2_L21	0	2.86	0	0	0	0	2.82	0	0	0
miR1367_R2_L22	0	0	0	0	0	0	0	3.37	0	0
miR1368_R2_L23	0	4.51	0	0	0	0	0	0	0	0
miR1369_R2_L20	0	0	2.76	0	0	0	0	0	0	0
miR136_R125_L22	3.31	4.44	3.63	0	0	3.47	0	4.16	5.36	3.67
miR1370_R2_L22	0	3.37	0	0	0	0	0	0	0	0
miR1371_R2_L20	2.99	0	3.21	0	0	0	0	0	0	0
miR1372_R2_L21	0	0	10.85	0	0	0	0	0	0	0
miR1373_R2_L22	0	0	0	0	0	0	3.27	0	0	3.32
miR1374_R2_L21	0	0	0	0	0	0	0	2.71	3.93	0
miR1375_R2_L21	0	0	0	0	0	0	0	5.84	0	0
miR1376_R2_L21	2.78	0	0	0	0	0	0	0	0	0
miR1377_R2_L20	0	0	0	0	0	0	3.73	2.74	0	0
miR1378_R2_L21	0	0	2.87	0	0	0	0	0	0	0
miR1379_R2_L21	0	0	3.5	0	0	0	3.35	0	0	0
miR137_R124_L21	0	4.6	9.15	5.01	0	4.22	5.36	3.34	0	8.66
miR1380_R2_L21	0	0	2.83	0	0	0	0	0	0	0
miR1381_R2_L21	0	0	0	0	0	0	3.64	0	0	0
miR1382_R2_L21	0	0	0	0	0	0	0	5.65	0	0
miR1383_R2_L20	0	3.11	0	0	0	0	0	0	0	0
miR1384_R2_L21	0	0	3.41	0	0	0	0	0	0	0
miR1385_R2_L21	0	0	4.87	0	0	0	0	0	0	0
miR1386_R2_L21	0	0	0	0	0	0	0	3.37	0	0
miR1387_R2_L22	0	0	0	0	0	3.24	0	0	0	0
miR1388_R2_L22	0	0	0	0	0	0	0	3.1	0	0
miR1389_R2_L20	0	0	0	0	0	0	0	2.76	0	0
miR138_R123_L21	7.07	0	12.64	0	12.34	0	7.91	0	0	0
miR1390_R2_L22	0	0	0	0	0	0	0	8.15	0	0
miR1391_R2_L20	0	2.81	0	0	0	0	0	0	0	0
miR1392_R2_L21	0	0	0	0	2.79	0	0	0	0	0
miR1393_R2_L21	0	0	0	0	0	0	5.15	0	0	0
miR1394_R2_L22	0	2.84	0	0	0	0	0	0	0	0
miR1395_R2_L21	0	0	2.96	0	0	0	0	0	0	0
miR1396_R2_L21	0	0	2.97	0	0	0	0	0	0	0
miR1397_R2_L22	0	0	0	0	0	0	0	9.22	0	0
miR1398_R2_L21	0	0	3.28	0	0	0	0	0	0	0
miR1399_R2_L20	0	0	4.37	0	0	0	0	0	0	0
miR139_R123_L21	0	5.51	4.86	0	9.56	0	8.11	0	0	0
miR13_R705_L21	10.45	10.83	10.1	8.93	7.61	10.4	8.56	9.18	11.33	8.31
miR1400_R2_L22	0	2.7	0	0	0	0	2.8	0	0	0
miR1401_R2_L21	0	0	0	0	0	0	0	5.33	0	0
miR1402_R2_L22	0	0	3.35	0	0	0	4.94	0	0	0
miR1403_R2_L21	0	3.75	0	0	0	0	0	0	0	0
miR1404_R2_L21	0	0	0	0	2.73	0	0	0	0	0
miR1405_R2_L21	0	0	3.56	0	0	0	0	0	0	0
miR1406_R2_L20	0	0	2.68	0	0	0	0	0	0	0
miR1407_R2_L22	0	2.67	0	0	0	0	0	0	0	0
miR1408_R2_L21	0	0	0	0	0	0	0	3.34	0	0
miR1409_R2_L21	0	0	3.16	0	0	0	0	0	0	0
miR140_R123_L22	0	3.48	3.5	0	0	4.02	0	3.8	3.76	2.96
miR1410_R2_L22	0	0	0	0	0	0	0	2.91	0	0
miR1411_R2_L20	0	5.09	0	0	0	0	0	0	0	0
miR1412_R2_L22	0	0	0	0	0	3.74	0	3.86	0	0
miR1413_R2_L20	0	4.57	0	0	0	0	0	0	0	0
miR1414_R2_L21	6.54	0	0	0	0	0	0	0	0	0
miR1415_R2_L21	0	0	0	0	0	0	0	7.9	0	0
miR1416_R2_L22	0	0	0	0	0	0	3.07	0	0	2.89
miR1417_R2_L20	0	0	0	0	4.63	0	0	0	0	0
miR1418_R2_L22	0	0	0	0	0	0	0	2.99	0	0
miR1419_R2_L20	0	3.27	0	0	0	0	2.59	0	0	0
miR141_R122_L21	0	0	4.73	0	0	0	0	0	0	3.83
miR1420_R2_L21	0	0	0	0	0	0	2.91	0	0	0
miR1421_R2_L22	2.91	2.62	0	0	0	0	0	0	0	0
miR1422_R2_L22	0	0	0	0	0	0	0	2.79	0	0
miR1423_R2_L22	0	4.88	0	0	0	0	0	0	0	0
miR1424_R2_L22	0	0	0	0	0	0	0	3.22	0	0
miR1425_R2_L21	0	0	3.63	0	0	0	0	0	0	0
miR1426_R2_L22	0	3.9	0	0	0	3.49	0	0	0	0
miR1427_R2_L21	0	0	2.92	0	0	0	0	0	0	0
miR1428_R2_L22	0	3.76	0	0	0	0	0	0	0	0
miR1429_R2_L22	0	0	2.75	0	0	0	0	2.64	0	0
miR142_R121_L21	3.03	5.83	5.6	0	0	4.45	0	4.38	3.73	5.08
miR1430_R2_L22	3.21	0	0	0	0	0	0	3.5	0	0
miR1431_R2_L21	0	2.69	3.17	0	0	0	0	0	0	0
miR1432_R2_L22	0	0	0	0	0	0	3.64	0	0	0
miR1433_R2_L20	0	0	0	0	0	0	0	3.11	0	0
miR1434_R2_L22	0	0	0	2.91	0	0	0	3.81	0	0
miR1435_R2_L22	3.1	0	0	0	0	0	0	0	0	0
miR1436_R2_L22	0	0	0	0	3.15	0	0	0	0	0
miR1437_R2_L22	0	0	0	0	0	0	0	3.01	0	0
miR1438_R2_L20	0	0	0	0	0	0	0	3.17	0	0
miR1439_R2_L22	0	0	0	0	0	0	0	3.16	0	0
miR143_R120_L21	4.25	4.31	5.96	3.79	0	3.42	2.96	6.83	4.19	2.97
miR1440_R2_L20	0	0	2.84	0	0	0	0	0	0	0
miR1441_R2_L21	0	0	0	0	2.68	0	0	0	0	0
miR1442_R2_L20	0	0	0	0	0	0	0	3.67	0	0
miR1443_R2_L22	4.35	0	0	0	0	0	0	0	3.93	0
miR1444_R2_L22	0	0	2.96	0	0	0	0	0	0	0
miR1445_R2_L21	0	0	0	0	0	0	0	4.21	0	0
miR1446_R2_L21	0	0	3.08	0	0	0	0	0	0	0
miR1447_R2_L21	0	0	0	0	3.04	0	0	0	0	0
miR1448_R2_L22	0	3.41	0	0	0	0	0	0	0	0
miR1449_R2_L21	0	0	3.17	0	0	0	0	0	0	0
miR144_R120_L22	4.37	5.23	3.33	0	4.23	0	0	3.62	3.47	2.83
miR1450_R2_L20	0	3.07	0	0	0	0	0	0	0	0
miR1451_R2_L21	0	0	4.87	0	0	0	0	0	0	0
miR1452_R2_L21	0	0	3.34	0	0	0	0	0	0	0
miR1453_R2_L22	0	0	0	0	0	4.62	0	0	0	0
miR1454_R2_L22	0	3.25	0	0	0	3.84	0	0	0	0
miR1455_R2_L21	0	0	0	0	0	3.0	0	0	0	0
miR1456_R2_L21	0	0	0	0	0	0	0	3.32	0	0
miR1457_R2_L22	0	0	0	0	0	0	0	3.01	0	0
miR1458_R2_L21	0	0	2.82	0	0	0	0	0	0	0
miR1459_R2_L20	0	0	4.95	0	0	0	0	0	0	0
miR145_R119_L21	6.53	10.58	7.66	5.86	0	6.12	3.85	7.59	4.78	11.8
miR1460_R2_L21	0	0	6.37	0	0	0	0	0	0	0
miR1461_R2_L21	0	0	2.83	0	0	0	0	0	0	0
miR1462_R2_L21	0	0	0	0	0	0	0	3.2	0	0
miR1463_R2_L21	0	0	0	0	0	0	0	0	4.53	0
miR1464_R2_L21	0	0	3.23	0	0	0	0	0	0	0
miR1465_R2_L21	0	2.91	0	0	0	0	0	0	0	0
miR1466_R2_L20	0	0	4.54	0	0	0	0	2.92	0	0
miR1467_R2_L21	4.89	0	0	0	0	0	0	0	4.74	0
miR1468_R2_L21	0	0	5.21	2.66	0	0	0	0	0	0
miR1469_R2_L21	3.06	0	0	0	0	0	0	0	0	0
miR146_R119_L21	0	2.81	4.32	0	0	0	0	4.62	0	0
miR1470_R2_L21	0	0	0	0	0	0	0	3.3	0	0
miR1471_R2_L22	0	0	0	0	0	0	0	3.59	0	0
miR1472_R2_L21	0	0	6.73	0	0	0	0	0	3.94	0
miR1473_R2_L21	0	0	4.29	6.19	0	0	0	0	0	0
miR1474_R2_L21	0	0	0	0	0	0	0	3.67	0	0
miR1475_R2_L21	0	0	3.04	0	0	0	0	0	0	0
miR1476_R2_L21	0	0	3.73	0	0	0	0	0	0	0
miR1477_R2_L21	0	0	2.74	0	0	0	0	0	0	0
miR1478_R2_L21	0	0	3.05	0	0	0	0	0	0	0
miR1479_R2_L20	0	0	3.17	0	0	0	0	0	0	0
miR147_R118_L21	9.02	7.86	7.89	0	0	7.98	6.82	7.28	0	7.07
miR1480_R2_L21	0	0	2.87	0	0	0	0	0	0	0
miR1481_R2_L21	0	3.4	0	0	0	0	0	0	0	0
miR1482_R2_L21	0	0	0	0	0	0	0	3.87	0	0
miR1483_R2_L21	0	0	3.28	0	0	0	0	0	0	0
miR1484_R2_L22	0	0	3.63	0	0	0	0	0	0	0
miR1485_R2_L21	0	0	4.86	0	0	0	0	0	0	0
miR1486_R2_L21	0	0	3.29	0	0	0	0	3.13	0	0
miR1487_R2_L21	0	0	0	0	0	0	0	3.2	0	0
miR1488_R2_L22	0	0	0	0	0	0	2.79	0	0	0
miR1489_R2_L22	0	0	0	3.94	0	0	0	2.74	0	0
miR148_R115_L22	3.8	5.28	4.75	0	0	5.99	4.09	5.28	0	5.31
miR1490_R2_L21	0	0	0	0	0	0	0	0	0	3.72
miR1491_R2_L24	0	0	0	0	0	0	0	5.19	0	0
miR1492_R2_L22	0	0	3.08	0	0	0	0	0	0	0
miR1493_R2_L20	0	6.56	0	0	0	0	0	0	0	0
miR1494_R2_L21	0	0	0	0	0	0	0	3.04	0	0
miR1495_R2_L21	0	0	2.85	0	0	0	0	0	0	0
miR1496_R2_L20	0	0	0	0	0	0	0	0	3.01	0
miR1497_R2_L22	0	0	4.8	0	0	0	0	4.98	0	0
miR1498_R2_L24	0	0	0	0	0	0	0	5.83	0	0
miR1499_R2_L21	0	0	0	0	5.21	0	0	0	0	0
miR149_R111_L22	3.12	0	3.97	0	4.04	0	0	4.33	4.01	3.91
miR14_R704_L21	9.72	10.33	11.32	7.8	7.21	10.73	9.1	7.85	9.23	7.41
miR1500_R2_L21	0	0	3.69	0	0	0	0	0	0	0
miR1501_R2_L21	0	0	3.91	0	0	0	0	0	0	0
miR1502_R2_L21	0	0	3.3	0	0	0	0	0	0	0
miR1503_R2_L22	0	0	0	2.83	0	0	0	0	5.32	0
miR1504_R2_L22	0	0	0	0	0	0	4.32	2.82	0	0
miR1505_R2_L22	0	0	2.83	0	0	0	0	0	3.36	0
miR1506_R2_L21	0	0	0	0	0	0	3.7	0	0	0
miR1507_R2_L22	0	0	0	0	0	0	0	0	4.15	0
miR1508_R2_L22	0	0	2.69	0	0	0	0	0	4.35	0
miR1509_R2_L21	4.35	0	4.43	0	0	0	0	0	0	0
miR150_R108_L21	4.73	0	6.36	0	0	0	3.3	0	7.17	0
miR1510_R2_L20	0	0	0	0	0	0	4.42	0	0	0
miR1511_R2_L21	0	0	2.97	0	0	0	3.96	0	0	0
miR1512_R2_L22	0	0	3.58	0	0	0	0	0	0	0
miR1513_R2_L21	0	0	0	0	0	0	4.05	0	0	0
miR1514_R2_L22	0	0	4.35	0	0	0	0	0	0	3.48
miR1515_R2_L21	0	0	0	0	0	0	0	2.89	4.2	0
miR1516_R2_L21	0	0	0	0	3.3	0	0	2.61	0	0
miR1517_R2_L22	0	0	3.94	0	0	0	0	0	0	0
miR1518_R2_L21	0	0	3.75	0	0	0	0	0	0	0
miR1519_R2_L22	0	0	0	0	0	0	0	0	5.27	0
miR151_R107_L21	3.45	2.66	4.65	4.04	0	0	4.21	0	4.35	2.84
miR1520_R2_L22	0	0	0	0	0	0	5.83	0	0	0
miR1521_R2_L22	0	0	0	0	0	0	0	0	5.08	0
miR1522_R2_L22	0	0	0	0	0	0	0	0	3.79	0
miR1523_R2_L22	0	0	0	0	0	0	0	0	3.98	0
miR1524_R2_L22	0	0	0	0	0	0	4.32	0	0	0
miR1525_R2_L22	0	0	0	0	0	0	0	0	3.56	0
miR1526_R2_L21	0	0	3.84	0	0	0	0	0	0	0
miR1527_R2_L22	0	0	0	0	0	0	0	0	3.72	0
miR1528_R2_L22	0	0	4.8	0	0	0	0	0	0	0
miR1529_R2_L22	0	0	0	0	0	0	0	0	3.48	0
miR152_R106_L22	0	0	5.16	0	0	0	0	0	0	0
miR1530_R2_L21	0	0	3.76	0	0	0	0	0	0	0
miR1531_R2_L21	0	0	0	0	0	0	0	0	5.21	0
miR1532_R2_L22	0	0	0	0	0	0	0	0	6.15	0
miR1533_R2_L22	0	0	4.31	0	0	0	0	0	0	0
miR1534_R2_L21	0	0	0	0	0	0	0	0	4.34	0
miR1535_R2_L22	0	0	0	0	0	0	0	0	4.9	0
miR1536_R2_L21	0	0	0	0	0	0	5.79	0	0	0
miR1537_R2_L22	0	0	0	0	0	0	0	0	5.22	0
miR1538_R2_L22	0	0	3.86	0	0	0	0	0	6.11	0
miR1539_R2_L21	0	0	4.02	0	0	0	0	0	0	0
miR153_R105_L21	7.16	9.23	8.27	7.38	0	6.89	5.82	7.97	7.87	0
miR1540_R2_L21	0	0	0	0	0	0	0	0	3.29	0
miR1541_R2_L22	0	0	5.12	0	0	0	0	0	0	0
miR1542_R2_L22	0	0	0	0	0	0	0	0	5.68	0
miR1543_R2_L21	0	0	4.01	0	0	0	0	0	0	0
miR1544_R2_L21	0	0	0	0	0	0	0	0	3.67	0
miR1545_R2_L21	0	0	0	0	0	0	0	0	4.0	0
miR1546_R2_L21	0	0	4.26	0	0	0	0	0	0	0
miR1547_R2_L21	0	0	0	0	0	0	0	0	5.17	0
miR1548_R2_L22	0	0	0	0	0	0	0	0	3.46	0
miR1549_R2_L22	0	0	0	0	0	0	0	0	5.08	0
miR154_R104_L21	0	0	3.41	0	3.18	0	0	2.75	3.52	3.02
miR1550_R2_L22	0	0	0	0	0	0	0	0	4.86	0
miR1551_R2_L22	0	0	0	0	0	0	0	0	4.91	0
miR1552_R2_L22	0	0	0	0	0	0	0	0	5.67	0
miR1553_R2_L22	0	0	0	0	0	0	0	0	4.91	0
miR1554_R2_L22	0	0	0	0	0	0	0	0	5.49	0
miR1555_R2_L22	0	0	0	0	0	0	5.16	0	0	0
miR1556_R2_L21	0	0	5.44	0	0	0	0	0	0	0
miR1557_R2_L21	0	0	0	0	0	0	0	2.82	0	0
miR1558_R2_L21	0	0	0	0	0	0	0	3.42	0	0
miR1559_R2_L20	0	0	0	0	0	0	0	3.63	0	0
miR155_R104_L20	0	3.64	7.22	0	0	3.33	5.19	3.84	4.67	5.01
miR1560_R2_L21	0	0	0	0	0	0	5.01	0	0	0
miR1561_R2_L20	0	0	0	0	0	0	4.2	0	0	0
miR1562_R2_L22	0	0	0	0	0	0	4.91	0	0	0
miR1563_R2_L20	0	0	0	0	0	0	3.9	0	0	0
miR1564_R2_L21	0	0	0	0	0	0	0	3.34	0	0
miR1565_R2_L21	0	0	3.7	0	0	0	0	0	0	0
miR1566_R2_L22	0	0	0	0	0	0	0	0	5.19	0
miR1567_R2_L21	0	0	2.84	0	0	0	0	0	0	0
miR1568_R2_L22	0	0	0	0	0	0	4.71	0	0	0
miR1569_R2_L22	0	0	0	0	0	0	4.12	0	0	0
miR156_R103_L21	0	4.6	5.28	0	0	0	0	3.71	0	0
miR1570_R2_L22	0	0	3.85	0	0	0	0	0	0	0
miR1571_R2_L20	0	0	6.4	0	0	0	0	0	0	0
miR1572_R2_L21	0	0	0	0	0	0	0	0	3.62	0
miR1573_R2_L22	0	0	0	0	0	0	0	0	5.11	0
miR1574_R2_L21	0	0	5.48	0	0	0	0	0	0	0
miR1575_R2_L21	0	0	4.14	0	0	0	0	0	0	0
miR1576_R2_L22	0	0	0	0	0	0	0	0	3.56	0
miR1577_R2_L22	0	0	4.11	0	0	0	0	0	0	0
miR1578_R2_L22	0	0	0	0	0	0	0	0	3.62	0
miR1579_R2_L21	0	0	0	0	0	0	4.17	0	0	0
miR157_R103_L22	0	3.99	4.33	0	0	3.69	0	4.66	0	3.94
miR1580_R2_L22	0	0	0	0	3.89	0	0	0	0	0
miR1581_R2_L22	0	0	0	0	0	0	0	0	6.03	0
miR1582_R2_L22	0	0	0	0	3.13	0	0	0	0	0
miR1583_R2_L20	0	0	0	0	3.75	0	0	0	0	0
miR1584_R2_L20	0	0	0	0	0	0	4.37	0	0	0
miR1585_R2_L20	0	0	6.85	0	0	0	0	0	0	0
miR1586_R2_L22	0	0	0	0	0	0	9.46	0	0	0
miR1587_R2_L22	0	0	0	0	5.5	0	0	0	0	0
miR1588_R2_L20	0	0	0	0	0	0	4.81	0	0	0
miR158_R102_L21	2.68	5.46	4.03	4.68	0	5.2	4.16	4.65	0	4.05
miR159_R101_L21	7.54	5.97	5.83	0	0	4.63	6.57	6.12	0	4.32
miR15_R694_L22	11.54	11.54	12.62	16.46	10.48	11.89	14.95	11.39	11.83	11.96
miR160_R100_L21	5.57	7.64	9.55	0	0	6.25	0	6.58	6.65	5.85
miR161_R100_L22	0	5.7	9.26	0	0	4.82	4.5	5.05	5.42	8.11
miR162_R100_L21	0	4.71	8.64	9.64	0	0	9.12	7.93	4.93	5.34
miR163_R99_L22	0	6.99	7.27	0	0	5.79	5.74	4.91	0	7.84
miR164_R98_L21	0	4.11	4.9	0	0	0	4.47	3.54	0	4.15
miR165_R98_L22	3.62	5.1	4.75	3.53	0	5.87	5.24	4.85	4.84	4.62
miR166_R97_L21	0	3.13	5.08	0	0	5.48	5.26	4.15	5.44	6.34
miR167_R96_L21	6.97	4.48	5.25	6.16	0	4.1	3.06	4.15	0	4.46
miR168_R96_L21	6.97	5.92	6.93	0	0	6.86	5.21	6.78	0	5.25
miR169_R96_L22	6.29	3.46	7.89	0	0	0	5.14	0	7.7	3.94
miR16_R686_L21	11.92	11.1	9.89	15.31	7.13	11.02	11.83	10.83	10.96	12.01
miR170_R95_L21	0	4.5	4.88	4.54	0	4.34	3.92	3.7	0	4.79
miR171_R95_L22	3.55	4.08	3.91	0	0	0	0	0	4.65	3.13
miR172_R92_L21	3.32	4.72	4.06	0	0	0	0	0	3.67	3.42
miR173_R90_L22	4.24	4.19	3.32	0	2.82	2.72	0	3.42	0	2.91
miR174_R90_L20	10.49	7.43	7.81	6.52	0	4.67	7.4	5.84	0	6.83
miR175_R89_L21	4.16	5.08	5.96	3.98	6.96	4.06	6.36	3.3	3.91	3.81
miR176_R89_L21	0	4.16	4.23	0	0	4.85	0	3.73	4.31	3.77
miR177_R88_L22	0	4.73	3.21	5.41	0	6.42	5.87	3.47	0	3.29
miR178_R88_L21	0	6.55	7.15	0	0	6.1	5.37	5.29	0	7.13
miR179_R88_L22	2.69	3.89	5.46	6.21	4.79	4.94	7.41	4.87	3.95	4.23
miR17_R685_L21	11.01	9.83	10.53	10.21	8.24	10.18	10.21	8.39	11.65	9.99
miR180_R87_L21	3.43	6.93	5.31	0	0	4.03	0	5.03	4.82	3.93
miR181_R86_L22	0	3.49	4.16	0	0	0	0	0	4.36	0
miR182_R86_L22	3.59	8.45	13.19	7.91	0	0	7.89	7.18	9.71	6.34
miR183_R85_L21	4.67	4.07	4.03	0	3.73	4.51	3.4	6.63	5.03	3.55
miR184_R84_L22	3.1	3.79	3.26	0	0	4.72	0	3.52	4.43	3.56
miR185_R84_L22	2.91	4.1	4.37	0	0	4.7	0	3.9	4.75	3.44
miR186_R83_L22	0	4.96	5.13	0	0	5.43	4.82	3.71	0	6.5
miR187_R82_L22	3.87	3.64	3.34	0	0	0	0	3.79	0	3.36
miR188_R81_L22	0	0	3.21	0	0	0	0	0	0	0
miR189_R77_L20	6.32	7.73	7.18	0	0	0	6.97	2.93	7.68	9.28
miR18_R676_L22	7.62	10.14	8.91	6.85	6.64	9.15	7.71	8.32	7.29	7.56
miR190_R76_L21	3.03	4.39	4.41	0	0	4.48	0	5.27	2.61	0
miR191_R76_L21	0	6.88	5.74	3.22	3.32	4.08	2.93	4.18	5.24	3.03
miR192_R75_L22	0	5.23	0	4.89	6.52	4.38	7.03	3.44	0	3.29
miR193_R74_L21	0	3.57	4.2	2.66	0	4.39	5.49	3.03	0	5.73
miR194_R74_L22	0	5.06	4.6	0	0	5.79	4.64	4.37	0	5.29
miR195_R74_L21	8.03	9.3	11.37	7.26	0	7.39	7.93	8.99	10.05	9.64
miR196_R74_L21	3.55	5.2	6.8	0	0	0	5.78	4.91	6.5	6.2
miR197_R73_L21	4.08	4.33	5.31	3.22	0	0	3.22	3.65	3.86	3.09
miR198_R73_L21	0	7.23	9.56	0	0	0	0	5.63	0	0
miR199_R73_L22	2.88	0	8.59	3.43	0	0	5.72	4.73	5.36	0
miR19_R676_L21	12.21	7.72	12.15	12.05	8.56	6.51	8.66	9.51	13.46	5.57
miR1_R795_L21	10.91	12.37	13.38	9.64	14.66	10.41	11.78	12.84	9.19	15.18
miR200_R73_L21	0	4.18	3.78	0	0	3.96	4.46	5.77	5.56	0
miR201_R72_L21	9.14	0	8.68	0	0	0	9.37	8.53	9.84	0
miR202_R71_L21	0	3.89	4.01	0	0	3.62	3.94	3.4	0	3.42
miR203_R71_L21	3.26	5.41	10.06	0	0	0	3.91	4.61	8.77	0
miR204_R71_L21	13.73	0	5.32	0	0	5.69	7.11	9.2	0	0
miR205_R70_L21	3.44	0	3.83	3.59	0	0	4.84	3.73	3.23	5.17
miR206_R69_L22	0	2.87	3.75	0	0	0	0	0	0	3.37
miR207_R69_L21	3.55	0	3.87	0	0	3.12	4.93	3.38	0	3.61
miR208_R69_L21	3.97	3.62	7.91	2.85	0	0	3.79	0	9.92	0
miR209_R69_L21	0	4.44	3.24	4.17	10.16	0	9.06	0	0	2.62
miR20_R668_L21	10.27	9.58	12.21	9.3	7.89	10.55	9.97	8.35	10.34	11.23
miR210_R68_L22	6.42	11.48	7.15	0	0	0	7.16	11.06	3.57	13.35
miR211_R68_L20	0	0	0	0	0	0	0	3.98	0	0
miR212_R67_L22	0	11.21	4.72	0	4.36	0	0	5.19	4.52	4.17
miR213_R67_L22	0	4.16	4.97	0	0	3.79	4.76	3.76	0	5.24
miR214_R66_L21	5.03	4.07	4.29	5.39	5.0	5.32	5.02	4.35	3.4	3.85
miR215_R64_L21	7.99	5.58	6.32	0	0	6.01	6.01	6.24	0	6.5
miR216_R64_L21	0	6.89	6.11	4.91	0	7.38	6.03	6.77	0	6.39
miR217_R64_L22	3.71	4.02	3.94	2.76	0	3.06	3.04	3.29	8.51	3.42
miR218_R64_L21	3.01	0	4.96	0	0	0	6.15	2.63	0	0
miR219_R63_L21	0	4.59	5.36	4.55	0	3.11	5.31	5.4	0	0
miR21_R644_L21	8.52	6.72	7.67	11.2	7.37	6.39	8.31	6.31	8.94	6.13
miR220_R62_L21	7.81	0	6.46	0	0	0	5.64	0	8.29	8.24
miR221_R62_L21	0	3.93	5.91	4.66	0	0	0	4.74	0	4.48
miR222_R62_L22	0	0	4.83	0	0	0	0	0	6.52	0
miR223_R61_L21	6.57	0	3.31	0	0	0	0	5.38	4.86	0
miR224_R61_L21	0	7.44	5.88	4.57	0	6.98	7.85	6.94	5.1	6.71
miR225_R61_L22	0	5.05	6.08	0	0	5.55	4.5	4.84	5.53	4.5
miR226_R60_L21	0	3.24	4.17	0	0	4.04	3.48	3.27	0	4.77
miR227_R60_L22	0	6.64	7.74	0	0	7.49	4.2	7.43	7.4	0
miR228_R60_L21	6.49	0	6.02	3.99	0	0	5.86	0	5.11	0
miR229_R60_L22	0	3.24	3.5	0	2.94	3.57	4.16	3.4	0	3.77
miR22_R605_L20	6.07	7.52	5.78	5.68	0	8.03	4.81	7.7	6.13	7.45
miR230_R59_L21	0	4.58	4.45	0	0	4.08	3.57	3.24	3.72	3.53
miR231_R58_L22	0	3.19	3.55	0	0	3.08	3.43	3.73	0	3.25
miR232_R58_L21	0	0	3.32	0	0	0	0	4.13	0	0
miR233_R58_L21	0	4.64	3.74	0	3.7	0	4.44	2.97	0	0
miR234_R58_L21	0	4.76	4.01	3.72	3.86	5.09	3.88	5.67	5.42	0
miR235_R57_L22	0	0	5.09	0	0	0	0	3.28	0	0
miR236_R56_L21	0	3.54	3.03	0	0	0	0	3.51	0	2.95
miR237_R56_L22	3.54	3.1	4.4	3.62	3.37	0	4.23	4.09	2.78	4.39
miR238_R56_L20	5.33	3.09	5.45	0	0	0	4.76	6.62	5.33	0
miR239_R56_L22	3.17	5.62	4.28	0	0	0	0	3.91	0	5.23
miR23_R599_L22	12.08	10.68	10.26	13.17	6.09	10.43	10.21	6.58	11.69	12.84
miR240_R55_L21	0	2.79	2.97	0	0	0	0	2.99	0	2.95
miR241_R55_L21	0	7.72	6.64	5.23	0	8.28	8.64	8.08	6.87	0
miR242_R54_L21	0	0	6.89	0	3.1	0	0	2.79	0	3.94
miR243_R54_L22	3.8	0	0	0	0	0	0	3.97	0	0
miR244_R53_L21	3.17	6.8	9.32	4.92	0	3.9	0	4.31	7.29	0
miR245_R53_L22	0	3.15	3.57	0	0	0	0	3.32	0	3.1
miR246_R53_L21	6.01	0	0	0	0	0	0	5.97	0	0
miR247_R53_L22	4.37	3.31	3.65	0	0	0	0	0	3.85	0
miR248_R52_L21	0	0	4.44	0	0	3.14	3.95	3.44	0	4.95
miR249_R52_L22	0	0	3.29	0	0	0	0	0	0	2.69
miR24_R598_L21	7.85	6.98	8.14	5.52	6.51	7.72	6.8	7.06	9.93	8.09
miR250_R51_L21	0	0	3.76	0	3.35	0	0	5.02	0	3.13
miR251_R51_L21	4.85	8.18	6.67	0	0	6.98	4.89	0	5.33	4.62
miR252_R51_L20	0	3.16	5.3	0	0	5.29	5.69	3.9	4.0	5.53
miR253_R50_L21	0	0	3.47	0	0	0	0	3.42	0	0
miR254_R50_L22	4.4	3.11	3.14	0	0	0	0	2.89	0	2.86
miR255_R50_L20	11.95	7.89	10.84	0	0	7.79	7.31	8.12	12.52	0
miR256_R49_L21	0	12.02	11.64	0	0	11.33	0	0	10.86	0
miR257_R49_L22	5.05	5.38	4.71	0	0	0	0	3.58	0	0
miR258_R49_L21	4.42	4.28	5.2	5.46	0	4.64	4.23	3.86	0	5.44
miR259_R49_L22	0	3.56	3.98	0	0	3.97	6.62	3.7	0	2.96
miR25_R563_L21	5.81	9.04	7.32	4.8	6.4	8.82	8.56	7.2	4.55	8.31
miR260_R48_L21	0	3.32	3.43	0	0	3.4	0	3.37	0	3.6
miR261_R48_L21	0	4.53	3.74	0	0	3.56	4.28	3.56	0	0
miR262_R48_L21	5.32	3.23	3.85	3.12	0	0	3.44	2.95	0	3.64
miR263_R48_L21	0	3.83	2.94	0	0	7.02	0	6.68	5.74	2.74
miR264_R47_L21	0	10.7	12.54	0	0	11.13	0	10.94	12.56	0
miR265_R47_L21	3.39	0	3.4	0	0	0	0	0	3.31	2.99
miR266_R46_L21	6.11	0	5.18	3.23	0	3.89	6.43	4.74	0	6.43
miR267_R46_L21	4.57	3.18	4.45	0	0	4.44	4.53	0	4.54	4.03
miR268_R45_L22	0	3.31	3.31	0	0	3.19	0	3.33	0	3.63
miR269_R45_L21	5.13	0	5.16	0	0	0	5.87	5.55	4.1	0
miR26_R556_L21	11.44	8.69	11.8	10.09	8.57	7.66	13.09	9.93	10.53	11.32
miR270_R45_L21	7.52	5.33	5.92	6.88	3.38	6.01	4.01	7.69	5.67	6.35
miR271_R44_L22	6.86	8.18	8.16	0	0	5.87	3.05	3.97	0	5.68
miR272_R44_L22	0	0	6.26	0	6.75	0	9.54	3.51	4.32	0
miR273_R43_L21	0	9.59	7.82	4.51	0	9.17	7.11	8.85	4.66	0
miR274_R43_L22	0	3.61	3.45	0	0	3.14	3.13	3.25	0	3.27
miR275_R43_L21	5.75	0	0	0	0	0	0	10.44	0	0
miR276_R43_L22	0	6.44	5.95	0	0	4.5	5.03	4.82	6.96	5.1
miR277_R43_L21	4.09	2.95	0	0	0	0	0	3.75	3.26	0
miR278_R42_L22	0	3.93	3.03	0	0	4.04	0	4.08	0	3.1
miR279_R42_L22	0	3.95	4.16	0	0	3.93	3.31	3.68	0	3.52
miR27_R544_L20	9.02	12.61	8.7	7.68	5.35	10.81	10.95	10.8	6.77	14.85
miR280_R42_L22	0	3.25	2.99	0	0	0	0	0	0	0
miR281_R42_L21	5.34	5.45	4.71	2.73	0	5.94	3.97	5.23	0	5.39
miR282_R42_L22	0.74	1.16	1.02	0.93	2.09	0.7	2.19	2.17	1.18	0.75
miR283_R41_L21	5.53	6.29	8.21	0	0	7.07	4.63	3.23	0	5.61
miR284_R41_L21	6.89	6.58	5.08	0	0	5.74	0	5.5	0	4.08
miR285_R41_L21	8.35	7.12	7.31	0	0	8.66	4.79	4.61	0	6.99
miR286_R41_L22	0	3.83	4.83	3.74	0	3.56	0	0	6.66	3.46
miR287_R40_L21	3.55	3.1	3.65	3.4	0	0	0	2.84	3.4	3.16
miR288_R40_L21	6.54	5.05	4.96	6.51	0	4.5	0	4.93	0	5.75
miR289_R40_L21	6.98	3.51	3.95	2.64	3.58	0	3.35	2.91	4.65	3.25
miR28_R539_L21	10.06	10.5	10.58	7.1	9.72	11.37	11.91	9.94	8.02	12.81
miR290_R40_L21	7.41	0	7.88	0	0	0	0	8.98	0	8.29
miR291_R40_L21	3.44	3.82	3.94	0	0	3.13	0	3.6	4.29	3.73
miR292_R40_L21	5.68	5.18	5.7	3.62	0	5.52	3.56	5.35	3.75	5.44
miR293_R40_L22	3.08	4.7	4.26	5.37	0	3.76	0	0	6.8	0
miR294_R39_L20	3.25	7.72	0	3.53	0	0	3.29	4.63	2.62	0
miR295_R39_L21	2.7	3.27	4.38	4.09	3.97	2.79	2.89	3.79	3.53	2.62
miR296_R39_L21	0	7.96	9.37	0	0	6.77	0	6.04	0	0
miR297_R39_L21	0	4.34	6.41	7.97	0	0	0	0	5.21	0
miR298_R39_L22	0	0	0	0	3.73	3.76	4.73	4.98	0	0
miR299_R38_L20	3.64	3.73	3.88	0	0	0	2.62	3.97	3.23	0
miR29_R528_L21	8.3	11.24	12.39	9.36	10.78	10.74	10.31	13.21	10.03	13.46
miR2_R756_L22	11.17	11.45	11.88	12.06	8.68	12.36	13.03	10.89	14.12	11.83
miR300_R38_L21	0	5.2	4.57	8.48	0	0	0	0	0	2.92
miR301_R38_L21	0	0	3.24	0	0	0	0	0	0	0
miR302_R37_L21	7.27	7.92	10.16	11.8	7.16	0	6.89	9.33	11.3	0
miR303_R37_L21	0	3.74	4.22	3.41	3.02	4.93	3.52	4.17	0	3.19
miR304_R37_L20	0	0	3.28	0	0	0	0	2.79	0	0
miR305_R36_L21	3.64	2.97	4.08	0	0	3.5	3.48	2.99	0	3.51
miR306_R36_L21	0	3.67	5.02	0	0	4.77	0	4.4	0	0
miR307_R36_L21	2.68	0	3.12	0	0	0	0	3.69	0	0
miR308_R36_L22	0	8.83	4.88	7.18	0	0	0	0	4.87	0
miR309_R36_L21	4.77	3.84	5.13	5.76	0	0	5.44	4.83	0	3.54
miR30_R527_L21	6.67	8.76	8.09	8.05	7.29	9.53	9.49	7.28	5.87	8.61
miR310_R35_L21	0	0	0	0	0	4.71	0	7.05	0	0
miR311_R35_L22	0	4.15	3.13	0	0	3.87	0	3.24	0	4.31
miR312_R35_L22	8.11	0	9.03	0	0	0	5.66	0	9.96	0
miR313_R35_L21	0	0	4.46	0	0	3.25	4.55	5.28	5.23	0
miR314_R34_L22	0	4.77	4.05	0	0	0	0	3.12	4.7	4.8
miR315_R34_L22	3.24	3.43	3.86	0	0	3.69	0	3.1	0	3.19
miR316_R34_L22	5.7	0	0	0	0	0	4.31	6.71	6.05	0
miR317_R33_L21	0	0	2.99	0	0	0	0	0	0	0
miR318_R33_L22	0	3.79	3.58	0	0	3.9	0	3.3	3.76	3.77
miR319_R33_L21	4.81	5.05	4.55	3.07	0	4.47	0	4.36	0	3.78
miR31_R494_L21	8.4	5.34	9.54	7.64	0	4.26	4.95	4.64	9.55	7.17
miR320_R33_L21	0	5.03	5.97	0	0	7.39	0	7.63	7.18	0
miR321_R33_L21	2.62	4.11	6.76	0	0	3.65	0	4.86	6.26	0
miR322_R33_L21	0	4.31	3.34	0	0	0	6.16	3.72	3.68	0
miR323_R32_L22	0	3.79	3.02	0	2.77	0	0	2.76	0	2.95
miR324_R32_L20	0	0	3.02	0	0	0	0	0	0	2.95
miR325_R32_L20	4.14	5.07	4.58	0	0	0	0	5.73	0	5.19
miR326_R32_L22	0	0	0	0	0	0	0	3.72	0	0
miR327_R32_L21	7.06	0	4.34	0	0	0	0	0	0	0
miR328_R32_L21	0	0	6.94	4.87	5.21	0	0	4.68	0	0
miR329_R32_L21	0	3.86	5.91	5.32	6.85	4.86	7.2	4.4	0	4.03
miR32_R482_L21	6.92	6.7	7.84	7.6	8.33	6.62	9.95	5.58	6.38	7.82
miR330_R32_L21	2.74	0	3.04	0	4.08	0	5.02	0	0	2.8
miR331_R31_L21	4.74	0	6.11	4.24	0	3.14	0	3.14	0	3.71
miR332_R31_L20	3.38	2.95	0	0	0	3.8	2.66	4.51	0	4.06
miR333_R31_L21	0	3.66	4.15	0	0	3.61	3.09	3.28	0	3.12
miR334_R31_L22	2.62	3.15	0	0	0	0	0	3.59	0	0
miR335_R31_L20	2.85	0	0	0	0	0	4.03	3.2	0	0
miR336_R31_L21	0	4.27	3.19	0	3.61	0	3.11	3.46	0	0
miR337_R31_L20	0	5.98	4.13	0	3.67	4.24	3.3	3.31	0	3.05
miR338_R31_L21	2.59	0	0	0	0	0	3.84	4.67	0	3.25
miR339_R31_L21	0	3.34	5.51	3.08	0	0	3.68	3.45	5.06	0
miR33_R465_L21	8.23	11.09	8.86	11.48	10.97	4.31	12.93	7.27	8.8	8.96
miR340_R30_L22	0	3.93	3.98	0	0	4.49	4.27	3.57	0	5.37
miR341_R30_L22	2.89	3.86	3.15	0	0	0	0	3.52	0	2.67
miR342_R30_L22	0	0	3.08	0	0	0	0	0	0	0
miR343_R30_L22	0	0	6.43	4.63	0	0	0	0	0	0
miR344_R29_L22	4.8	2.87	5.57	0	0	6.12	4.27	4.03	0	7.75
miR345_R29_L21	0	0	3.44	0	0	2.94	4.95	3.29	0	5.93
miR346_R29_L22	7.91	0	0	2.65	0	5.07	5.46	7.83	0	0
miR347_R29_L22	0	3.77	3.31	0	0	0	4.37	0	0	0
miR348_R29_L21	4.18	8.24	7.01	0	0	0	5.03	0	8.42	0
miR349_R28_L21	0	0	4.61	0	0	0	0	0	0	0
miR34_R456_L21	12.3	10.99	12.33	8.8	10.48	11.74	10.17	10.82	11.47	12.37
miR350_R28_L21	3.69	0	5.87	0	0	0	2.69	4.5	3.04	0
miR351_R28_L22	0	0	2.9	0	0	2.96	3.76	3.69	0	0
miR352_R28_L21	0	0	7.94	0	0	0	0	0	0	0
miR353_R28_L22	0	3.5	4.3	0	0	3.29	3.94	0	0	3.29
miR354_R28_L21	0	5.23	4.88	3.03	0	0	5.14	0	4.02	3.37
miR355_R28_L21	0	5.91	5.88	0	0	4.18	6.29	4.81	0	3.67
miR356_R28_L22	0	3.77	7.71	0	0	3.92	0	0	0	0
miR357_R28_L21	0	8.57	7.81	0	0	0	0	4.2	5.77	0
miR358_R27_L21	0	0	2.93	0	0	0	0	0	0	0
miR359_R27_L21	0	6.15	4.34	0	6.84	5.62	2.62	4.28	0	0
miR35_R452_L21	5.74	4.99	5.1	0	3.01	4.49	6.36	5.42	9.52	4.99
miR360_R27_L20	0	3.68	3.71	5.59	0	3.18	0	3.96	0	0
miR361_R27_L22	0	8.89	6.75	0	4.65	0	4.94	6.2	5.5	0
miR362_R27_L21	0	0	3.06	0	0	0	0	0	3.44	0
miR363_R27_L22	2.67	4.84	4.15	6.09	0	0	5.15	4.39	5.1	5.4
miR364_R27_L22	0	5.38	8.04	4.35	0	0	0	4.3	10.84	5.58
miR365_R27_L22	0	0	0	0	5.61	0	0	0	0	0
miR366_R27_L22	0	0	0	0	8.78	0	0	0	0	0
miR367_R27_L22	0	0	0	0	11.65	0	0	0	0	0
miR368_R27_L20	0	0	0	0	7.5	0	0	0	0	0
miR369_R27_L22	0	0	0	0	7.68	0	5.06	0	0	0
miR36_R451_L22	5.57	5.91	5.24	3.89	2.98	6.16	5.43	6.08	6.59	5.38
miR370_R27_L22	0	0	0	0	10.18	0	0	0	0	0
miR371_R27_L21	0	0	0	0	6.01	0	0	0	0	0
miR372_R27_L22	0	0	0	0	6.43	0	0	0	0	0
miR373_R26_L22	0	3.53	2.8	0	0	0	0	3.21	0	0
miR374_R26_L22	3.21	0	0	0	0	0	2.97	0	3.47	3.34
miR375_R26_L22	0	0	5.4	0	0	5.71	0	8.91	6.16	6.26
miR376_R26_L21	0	0	4.39	0	0	0	0	0	0	0
miR377_R26_L22	0	3.13	3.44	0	0	3.93	0	3.04	0	0
miR378_R26_L22	0	0	3.18	0	0	0	0	3.23	0	3.08
miR379_R26_L21	4.67	0	8.52	0	0	0	3.66	8.39	7.87	0
miR37_R447_L22	4.56	8.36	9.57	9.74	6.94	9.28	10.38	7.8	10.86	9.8
miR380_R26_L21	3.57	0	3.73	0	0	2.91	3.68	3.24	4.22	3.86
miR381_R25_L21	9.66	5.03	0	0	2.96	0	7.85	0	8.03	0
miR382_R25_L21	9.02	0	6.74	0	0	0	5.26	0	10.25	4.48
miR383_R25_L23	0	6.73	5.65	4.87	0	6.1	4.39	6.88	0	6.38
miR384_R25_L22	0	3.55	3.62	0	0	3.77	0	4.14	4.06	0
miR385_R25_L21	0	4.18	4.63	0	0	3.01	4.65	3.94	0	4.9
miR386_R25_L21	0	3.04	4.81	4.27	0	0	3.65	0	0	0
miR387_R25_L21	0	0	3.54	0	0	0	0	3.31	0	0
miR388_R25_L22	0	0	0	0	0	0	0	3.64	0	0
miR389_R25_L22	4.26	2.9	2.95	0	0	0	0	0	4.63	0
miR38_R445_L22	4.97	5.12	4.92	5.18	4.01	6.01	4.44	4.91	5.13	4.15
miR390_R25_L22	0	3.3	3.58	0	0	0	0	0	0	3.05
miR391_R25_L21	2.84	3.06	4.46	2.65	3.28	0	5.77	3.19	2.78	0
miR392_R25_L22	0	0	0	0	6.27	0	0	0	0	0
miR393_R25_L20	0	0	0	0	6.47	0	0	0	0	0
miR394_R24_L22	0	2.84	0	0	0	0	0	4.75	0	0
miR395_R24_L22	3.74	0	2.67	0	3.21	0	2.62	3.03	0	0
miR396_R24_L21	0	5.14	5.04	3.62	0	3.16	0	3.9	0	0
miR397_R24_L21	0	0	3.18	0	0	3.78	0	0	0	3.65
miR398_R24_L22	4.19	0	4.61	5.55	0	0	5.02	0	0	0
miR399_R24_L20	0	0	4.68	0	0	0	0	3.07	4.79	0
miR39_R433_L22	11.05	9.34	11.54	6.79	0	8.71	6.64	11.2	8.65	9.85
miR3_R751_L22	9.78	9.43	7.3	11.32	11.64	8.12	11.3	8.42	5.44	9.0
miR400_R24_L22	0	3.36	6.08	3.75	0	0	5.59	0	7.49	3.6
miR401_R23_L21	0	0	3.56	0	0	3.23	3.32	0	0	3.95
miR402_R23_L21	5.51	5.63	6.46	7.19	7.83	0	6.83	3.26	0	0
miR403_R23_L21	5.34	6.24	4.07	0	0	0	0	5.95	7.95	5.28
miR404_R23_L20	0	0.78	1.94	0	0	0.58	0.79	3.22	0	0.79
miR405_R23_L21	0	3.84	4.51	0	0	3.63	0	3.8	3.84	0
miR406_R23_L21	0	0	4.73	3.16	0	0	4.69	0	0	0
miR407_R23_L22	0	0	0	0	4.73	0	0	0	0	0
miR408_R22_L21	7.83	7.22	7.94	8.4	7.89	0	7.7	6.84	0	0
miR409_R22_L21	0	0	2.95	0	0	0	0	0	0	0
miR40_R422_L21	5.02	8.31	6.23	5.03	0	7.76	6.22	6.94	5.58	7.32
miR410_R22_L20	0	0	2.8	0	0	0	0	0	0	2.74
miR411_R22_L21	0	0	5.95	0	0	0	3.99	0	0	0
miR412_R22_L21	0	0	3.98	0	0	0	0	0	3.46	0
miR413_R22_L21	0	2.98	4.49	0	0	0	2.92	4.31	0	0
miR414_R22_L21	0	3.05	6.16	4.75	5.55	0	5.56	5.63	0	0
miR415_R22_L21	0	0	4.92	0	0	0	4.89	0	6.39	0
miR416_R22_L22	0	0	0	0	4.79	0	0	0	0	0
miR417_R21_L22	0	5.12	0	0	0	0	0	4.55	0	3.33
miR418_R21_L21	0	4.3	3.6	0	0	4.7	0	4.34	0	0
miR419_R21_L22	0	3.09	3.19	0	0	0	0	0	0	2.97
miR41_R414_L21	9.79	6.3	8.09	5.61	3.63	5.81	6.94	7.64	5.08	5.05
miR420_R21_L20	0	0	0	0	5.34	0	4.77	0	0	0
miR421_R21_L20	2.96	0	0	0	0	0	3.0	0	2.68	0
miR422_R21_L22	2.93	3.68	3.54	0	0	3.57	0	0	2.69	3.55
miR423_R21_L21	2.85	0	3.76	0	0	0	0	0	3.19	0
miR424_R21_L21	2.74	0	2.91	3.4	0	0	5.21	0	3.53	0
miR425_R21_L21	0	0	0	0	4.33	0	0	0	0	0
miR426_R20_L20	2.91	0	3.67	0	0	0	0	0	5.2	0
miR427_R20_L21	0	0	4.14	0	0	2.97	4.01	3.66	0	4.97
miR428_R20_L22	0	5.1	3.61	3.9	0	4.34	0	0	0	3.42
miR429_R20_L21	0	3.35	3.18	0	0	0	0	3.5	0	3.42
miR42_R402_L22	8.76	7.39	5.96	9.61	7.08	7.02	8.51	6.47	4.61	6.93
miR430_R20_L22	4.28	0	3.34	0	0	0	0	3.65	0	0
miR431_R20_L22	0	0	2.94	0	0	0	0	0	0	0
miR432_R20_L20	0	0	0	0	0	7.16	0	7.17	0	7.14
miR433_R20_L21	3.04	0	6.85	0	0	0	2.96	3.54	3.93	3.42
miR434_R20_L22	3.24	3.03	4.13	0	0	3.07	0	0	3.86	3.3
miR435_R20_L21	0	0	4.68	0	0	0	6.03	2.91	5.71	6.24
miR436_R20_L22	0	0	0	0	4.5	0	0	0	0	0
miR437_R19_L22	0	3.2	3.13	0	0	3.6	0	3.19	0	0
miR438_R19_L22	3.12	4.17	5.64	3.4	0	3.72	0	3.33	0	0
miR439_R19_L21	4.04	2.84	3.64	0	0	3.27	0	3.19	0	3.53
miR43_R396_L21	9.21	9.36	9.29	8.6	6.44	11.03	9.44	11.16	7.98	10.55
miR440_R19_L21	5.21	0	5.82	0	0	0	4.58	4.11	0	0
miR441_R19_L22	0	2.75	3.32	0	0	0	0	2.95	0	0
miR442_R19_L21	3.63	3.45	5.28	0	0	3.46	0	0	4.5	3.19
miR443_R19_L22	0	3.61	2.99	0	0	0	0	3.14	5.08	2.93
miR444_R19_L22	0	4.44	0	0	0	4.83	0	0	5.2	4.28
miR445_R19_L22	2.98	3.47	2.68	0	2.73	0	2.74	3.58	3.94	0
miR446_R19_L22	0	0	10.95	0	0	0	0	4.8	7.72	0
miR447_R19_L21	0	0	0	0	3.55	0	0	0	0	0
miR448_R18_L23	0	4.63	4.63	0	0	4.23	0	0	0	5.41
miR449_R18_L21	4.61	3.16	4.95	2.83	0	2.78	0	4.34	0	4.85
miR44_R383_L21	3.84	4.31	4.56	5.85	4.52	6.38	4.12	5.73	4.63	4.56
miR450_R18_L20	0	0	3.29	0	0	0	0	0	0	0
miR451_R18_L21	0	4.04	3.79	0	0	3.47	0	0	0	4.43
miR452_R18_L22	0	3.66	4.04	0	0	3.47	4.67	3.1	0	0
miR453_R18_L21	3.37	0	3.51	0	0	3.07	0	3.09	0	2.94
miR454_R18_L22	0	4.12	5.24	0	0	3.95	0	3.87	4.39	0
miR455_R18_L21	5.63	0	3.3	0	0	0	2.86	0	6.61	0
miR456_R18_L20	0	0	3.37	0	0	0	4.72	0	0	4.69
miR457_R18_L22	0	0	0	0	4.04	0	0	0	0	0
miR458_R17_L21	0	2.99	0	0	0	3.03	0	3.35	0	3.21
miR459_R17_L21	0	0	2.88	0	0	0	0	3.47	0	0
miR45_R376_L21	10.76	9.66	9.49	9.8	8.35	8.86	9.3	10.18	8.81	10.23
miR460_R17_L21	3.68	4.13	0	3.2	0	0	0	8.71	0	0
miR461_R17_L22	0	3.78	4.07	0	0	0	0	0	0	2.69
miR462_R17_L21	0	5.39	6.45	0	0	6.22	0	6.41	0	0
miR463_R17_L22	0	3.26	2.76	0	0	0	0	2.97	0	0
miR464_R17_L21	0	0	0	0	0	0	0	0	0	3.78
miR465_R17_L22	0	0	3.05	0	0	0	0	0	0	0
miR466_R17_L20	0	3.53	4.53	0	3.45	0	3.7	0	0	0
miR467_R17_L21	5.98	4.59	4.91	0	8.04	0	4.97	4.88	0	0
miR468_R17_L22	0	3.51	0	0	0	3.86	0	2.9	0	3.02
miR469_R17_L22	3.92	0	0	0	0	0	0	3.84	3.42	0
miR46_R371_L21	9.07	10.03	6.1	11.3	8.94	8.86	8.7	11.21	7.56	4.15
miR470_R17_L21	0	0	5.68	0	0	0	0	3.02	0	0
miR471_R17_L22	7.7	4.66	7.71	0	0	6.24	5.85	0	0	7.73
miR472_R17_L21	0	0	4.65	0	0	0	4.28	4.27	0	3.16
miR473_R17_L21	2.94	0	5.16	0	0	0	0	0	4.55	0
miR474_R17_L22	0	0	4.96	0	0	0	5.62	6.56	0	6.1
miR475_R17_L20	0	0	0	0	7.96	0	0	0	0	0
miR476_R16_L21	3.77	0	5.62	0	0	0	0	4.75	0	0
miR477_R16_L21	8.17	9.5	8.26	8.09	0	0	7.94	0	10.17	0
miR478_R16_L21	0	0	3.17	0	0	0	0	0	0	0
miR479_R16_L22	0	0	0	0	3.14	3.87	4.02	0	0	0
miR47_R363_L21	9.38	7.65	7.53	8.18	10.85	5.53	6.87	7.71	8.75	6.33
miR480_R16_L21	0	0	4.75	0	0	0	0	4.09	0	0
miR481_R16_L22	0	0	0	0	3.99	0	0	0	0	0
miR482_R15_L22	0	4.57	3.25	0	0	6.0	0	4.19	0	3.14
miR483_R15_L22	6.63	0	7.25	0	0	0	6.18	0	5.61	0
miR484_R15_L21	0	0.9	6.97	0	2.25	0	0	4.96	0	0
miR485_R15_L22	0	3.09	3.88	0	0	3.46	3.14	3.4	0	3.34
miR486_R15_L21	0	4.26	4.2	0	0	3.17	0	3.77	0	0
miR487_R15_L22	0	0	2.75	0	0	0	0	4.83	0	0
miR488_R15_L21	0	0	2.93	0	0	0	0	0	0	0
miR489_R15_L21	0	0	2.99	0	0	0	0	0	0	0
miR48_R362_L21	13.23	13.79	13.59	0	12.27	13.67	13.28	12.21	13.03	14.93
miR490_R15_L22	0	4.77	6.49	7.6	7.7	0	8.33	3.84	0	0
miR491_R15_L21	3.8	0	0	0	0	0	0	4.24	0	0
miR492_R15_L21	0	6.13	6.23	0	0	6.45	0	4.83	0	5.45
miR493_R15_L21	0	0	6.17	0	0	5.65	2.97	6.45	0	3.9
miR494_R15_L21	0	0	9.35	0	0	0	0	6.16	6.45	0
miR495_R15_L21	0	0	4.34	0	0	0	0	4.56	0	0
miR496_R15_L21	0	0	6.5	0	0	0	0	0	4.56	0
miR497_R14_L22	3.29	0	0	0	0	0	0	3.81	2.67	0
miR498_R14_L22	0	0	3.57	0	0	0	0	0	0	0
miR499_R14_L22	4.07	2.92	2.99	0	0	0	0	3.85	0	0
miR49_R362_L21	9.59	8.66	10.52	0	7.35	9.46	9.56	8.65	7.74	11.38
miR4_R751_L21	9.24	7.6	9.38	7.5	4.98	6.59	7.88	6.05	10.43	7.41
miR500_R14_L22	4.55	0	4.67	0	0	4.64	0	5.89	0	0
miR501_R14_L21	0	0	0	0	0	0	0	6.12	0	0
miR502_R14_L22	0	5.0	0	0	0	4.74	0	3.9	0	0
miR503_R14_L21	0	0	2.88	0	0	0	0	0	0	3.0
miR504_R14_L21	0	0	4.11	3.46	4.69	0	3.95	5.1	3.0	2.89
miR505_R14_L21	0	0	0	0	0	0	0	8.08	0	0
miR506_R14_L22	0	4.25	3.32	0	0	5.45	3.91	0	0	4.15
miR507_R14_L21	4.77	3.57	11.76	0	6.09	0	5.45	5.69	13.88	0
miR508_R14_L21	0	0	0	0	0	0	2.78	0	5.53	0
miR509_R14_L21	0	3.07	4.87	0	2.76	0	2.74	0	0	0
miR50_R343_L21	11.78	10.04	10.8	6.88	5.12	10.32	8.42	8.05	8.75	10.55
miR510_R14_L22	3.54	5.12	0	0	3.65	0	5.03	4.87	0	0
miR511_R14_L21	4.06	4.48	7.86	0	0	0	0	0	3.96	0
miR512_R14_L22	0	0	4.48	0	0	4.37	3.57	0	0	0
miR513_R14_L21	4.09	0	3.55	0	0	0	0	0	3.0	0
miR514_R14_L22	0	2.92	3.33	0	0	0	4.18	3.73	4.6	3.12
miR515_R14_L22	0	0	4.95	0	0	2.78	0	0	4.79	4.23
miR516_R14_L21	0	0	5.7	0	0	0	4.9	0	2.92	0
miR517_R14_L22	0	0	0	0	3.39	0	0	0	0	0
miR518_R14_L20	0	0	0	0	7.11	0	0	0	0	0
miR519_R14_L20	0	0	0	0	8.09	0	0	0	0	0
miR51_R340_L22	7.23	6.17	7.35	3.62	4.52	7.57	6.76	4.92	6.75	6.5
miR520_R13_L22	0	4.3	0	0	0	5.86	3.93	3.46	0	3.93
miR521_R13_L22	0	0	0	0	0	4.72	0	4.22	0	0
miR522_R13_L20	3.58	0	3.49	0	0	2.91	0	3.12	0	2.99
miR523_R13_L21	0	6.26	6.34	2.65	0	0	0	0	3.91	0
miR524_R13_L20	0	2.83	3.91	0	0	0	0	0	0	4.99
miR525_R13_L22	0	7.53	8.42	0	0	8.44	0	8.28	0	8.29
miR526_R13_L21	0	0	4.66	0	0	0	2.73	0	3.37	0
miR527_R13_L20	0	0	4.87	0	0	0	0	0	0	0
miR528_R13_L22	4.17	0	4.53	0	0	0	0	0	2.74	0
miR529_R13_L23	0	0	0	0	0	0	5.9	0	0	4.73
miR52_R336_L21	2.94	7.08	5.45	0	5.06	6.76	4.39	5.52	4.24	4.66
miR530_R13_L22	0	4.28	3.05	0	0	4.08	0	2.91	0	0
miR531_R13_L22	0	0	2.84	0	0	3.43	0	0	0	0
miR532_R13_L21	0	3.08	3.9	0	0	2.68	0	0	0	0
miR533_R13_L22	3.97	2.61	0	0	0	0	4.24	4.33	0	0
miR534_R13_L21	0	3.91	5.55	0	0	4.4	0	0	4.16	0
miR535_R13_L22	0	3.15	3.21	0	0	0	0	0	5.46	0
miR536_R13_L22	0	6.69	0	0	0	6.85	5.45	3.91	0	6.98
miR537_R13_L21	0	0	0	0	0	0	4.5	0	0	0
miR538_R13_L21	0	0	3.53	3.52	3.01	0	5.22	0	3.48	0
miR539_R13_L20	0	5.21	9.49	0	0	0	0	5.7	0	0
miR53_R333_L20	9.05	5.97	9.36	5.99	0	8.38	8.54	7.97	9.27	7.8
miR540_R13_L22	0	3.54	6.27	0	0	0	0	0	6.17	4.62
miR541_R13_L22	0	0	3.56	0	4.06	0	0	0	0	0
miR542_R13_L21	0	0	0	0	3.61	0	0	0	3.46	0
miR543_R12_L22	0	4.48	0	0	0	5.31	0	3.7	0	3.45
miR544_R12_L21	0	0	0	0	3.13	0	0	0	0	0
miR545_R12_L21	0	0	3.64	0	3.06	0	0	2.93	0	0
miR546_R12_L21	0	3.09	3.2	0	0	3.09	0	0	0	3.84
miR547_R12_L22	0	5.16	3.35	0	0	5.53	0	5.72	0	4.58
miR548_R12_L21	0	4.4	5.73	0	0	0	0	0	0	0
miR549_R12_L22	0	0	3.1	0	0	0	0	3.42	0	0
miR54_R329_L21	7.18	6.72	5.73	3.46	0	6.15	6.21	5.44	0	6.25
miR550_R12_L20	2.71	0	0	0	0	0	0	3.19	0	0
miR551_R12_L22	0	0	3.57	0	0	2.91	0	3.78	0	0
miR552_R12_L21	0	0	0	0	0	0	0	3.95	0	0
miR553_R12_L21	0	0	0	0	0	0	4.18	0	0	0
miR554_R12_L22	0	0	2.76	0	0	0	0	4.24	0	0
miR555_R12_L21	0	4.31	4.63	0	0	0	3.35	3.62	0	3.24
miR556_R12_L21	0	0	7.2	0	0	0	0	0	0	0
miR557_R12_L20	0	0	2.8	0	0	0	0	0	0	0
miR558_R12_L22	0	0	5.05	0	0	2.76	0	3.23	0	0
miR559_R12_L20	0	4.1	4.53	0	3.19	0	0	0	0	0
miR55_R326_L21	5.1	9.73	7.85	6.8	0	8.4	0	5.75	7.87	4.97
miR560_R12_L22	0	3.25	3.15	0	0	3.11	0	4.15	5.5	3.61
miR561_R12_L22	0	0	3.75	0	0	0	0	2.72	3.38	3.6
miR562_R12_L20	3.22	3.16	0	0	0	0	4.51	3.24	0	3.27
miR563_R12_L21	3.76	0	5.37	0	0	0	4.93	4.21	0	4.28
miR564_R12_L21	9.55	0	11.17	10.58	0	0	0	0	13.14	0
miR565_R12_L21	0	0	5.16	0	0	4.22	3.6	2.66	0	0
miR566_R12_L21	4.81	0	7.74	0	0	0	0	0	0	0
miR567_R12_L22	0	0	4.09	0	0	3.01	4.4	0	0	2.82
miR568_R12_L22	0	0	6.34	0	0	0	0	4.62	4.76	0
miR569_R12_L22	0	0	5.41	4.0	0	0	0	0	0	0
miR56_R325_L21	3.44	5.57	6.33	10.14	8.54	3.88	8.28	4.33	3.47	5.35
miR570_R12_L22	0	0	4.44	3.28	0	4.29	0	0	4.47	0
miR571_R12_L21	0	0	0	0	0	0	4.96	0	0	0
miR572_R12_L21	0	0	6.35	0	0	0	0	5.25	0	0
miR573_R12_L21	0	0	0	0	0	0	5.57	0	0	0
miR574_R12_L22	0	0	0	0	0	0	0	4.49	0	0
miR575_R12_L22	0	0	0	0	4.0	0	0	0	0	0
miR576_R12_L21	0	0	0	0	8.04	0	0	0	0	0
miR577_R12_L22	0	0	0	0	3.5	0	0	0	0	0
miR578_R11_L21	0	0	0	0	0	0	0	5.27	0	0
miR579_R11_L22	0	4.27	0	0	0	0	2.93	3.86	0	3.61
miR57_R322_L21	5.59	4.07	6.43	3.07	4.17	0	3.84	5.04	4.4	5.93
miR580_R11_L22	5.7	0	0	0	0	0	5.01	0	3.1	0
miR581_R11_L21	2.72	2.79	0	3.57	3.57	0	4.27	0	0	0
miR582_R11_L21	0	0	8.39	0	0	0	3.51	0	0	0
miR583_R11_L22	3.3	0	0	0	0	0	0	0	3.04	0
miR584_R11_L20	0	0	0	0	0	0	0	5.17	0	0
miR585_R11_L20	0	0	0	0	0	0	0	4.08	0	0
miR586_R11_L22	0	0	0	0	0	0	0	0	0	7.13
miR587_R11_L21	0	0	3.28	0	0	0	0	0	2.79	0
miR588_R11_L21	0	3.29	0	0	0	3.23	0	3.1	0	0
miR589_R11_L20	0	0	0	0	0	0	0	3.18	0	0
miR58_R319_L21	8.81	7.48	8.26	8.46	0	8.37	10.19	9.0	10.66	8.68
miR590_R11_L22	0	0	4.14	0	0	4.39	0	3.62	0	4.97
miR591_R11_L21	0	0	3.83	0	5.09	0	3.72	3.54	0	5.01
miR592_R11_L22	0	0	2.7	0	0	0	0	3.33	0	0
miR593_R11_L22	0	0	2.83	0	0	0	0	4.6	0	0
miR594_R11_L22	0	0	0	0	0	0	0	3.34	0	0
miR595_R11_L22	0	0	0	0	0	0	0	3.31	0	0
miR596_R11_L21	9.03	12.42	12.12	0	0	12.29	0	10.57	10.27	0
miR597_R11_L22	2.7	0	3.15	0	0	0	0	0	0	0
miR598_R11_L22	0	0	3.69	3.4	3.34	0	4.17	4.37	0	2.84
miR599_R11_L21	0	0	5.76	0	0	0	0	0	6.62	0
miR59_R318_L22	5.14	5.24	6.37	4.05	5.24	4.67	4.47	4.42	4.14	5.47
miR5_R745_L21	8.64	9.45	12.24	8.64	6.78	10.09	8.88	8.74	12.97	8.57
miR600_R11_L22	2.79	0	3.81	0	0	0	0	0	4.72	4.67
miR601_R11_L22	0	4.3	4.93	3.05	0	0	0	0	4.24	0
miR602_R11_L22	0	6.68	0	0	0	6.42	6.94	0	0	0
miR603_R11_L22	0	3.29	0	0	0	0	0	0	4.58	0
miR604_R11_L21	0	0	4.09	3.51	0	0	0	0	5.19	0
miR605_R11_L21	0	2.67	5.08	0	0	0	0	0	4.72	2.95
miR606_R11_L22	0	0	0	0	0	0	0	4.05	0	0
miR607_R11_L22	0	0	4.28	0	0	0	0	3.67	0	0
miR608_R11_L22	0	0	0	0	3.69	0	0	0	0	0
miR609_R10_L21	0	2.81	2.99	0	2.67	0	0	0	0	0
miR60_R317_L22	3.37	4.48	4.09	0	3.22	0	0	5.47	3.47	4.12
miR610_R10_L21	0	3.37	3.91	0	0	4.8	0	0	0	0
miR611_R10_L21	0	5.07	4.07	0	3.6	0	0	0	0	0
miR612_R10_L20	0	0	0	0	4.23	0	5.89	5.49	0	0
miR613_R10_L22	0	3.42	3.67	0	0	0	0	0	0	3.19
miR614_R10_L22	0	4.21	0	0	3.18	0	3.16	3.24	0	0
miR615_R10_L21	3.17	3.45	0	0	0	0	0	4.39	0	3.51
miR616_R10_L22	0	0	4.09	0	0	0	0	0	0	2.86
miR617_R10_L22	0	0	4.43	0	0	0	0	3.09	0	0
miR618_R10_L21	0	0	0	0	0	0	0	5.0	0	0
miR619_R10_L22	0	3.26	5.12	0	0	4.21	0	4.69	0	0
miR61_R311_L21	10.21	10.65	10.57	0	11.92	0	0	9.2	8.04	7.32
miR620_R10_L21	0	2.99	4.83	7.19	0	0	0	0	0	0
miR621_R10_L21	0	0	3.23	0	0	0	0	0	0	0
miR622_R10_L21	0	2.79	3.38	0	0	0	3.71	0	0	0
miR623_R10_L21	0	6.07	2.67	0	0	0	0	0	0	0
miR624_R10_L21	0	3.11	0	0	0	0	3.31	0	0	0
miR625_R10_L22	0	6.09	7.78	5.92	0	8.28	0	5.32	0	0
miR626_R10_L21	0	0	0	0	0	0	3.43	3.38	0	0
miR627_R10_L22	2.98	0	0	0	0	0	5.35	0	0	5.39
miR628_R10_L21	0	0	0	0	0	0	9.72	3.07	0	0
miR629_R10_L21	0	0	2.94	0	0	0	4.38	0	0	0
miR62_R307_L21	3.92	4.41	5.69	3.94	3.27	4.54	5.87	4.43	4.87	3.65
miR630_R10_L21	0	0	0	0	0	0	4.84	0	0	0
miR631_R10_L21	0	0	4.97	0	0	0	0	0	6.28	0
miR632_R10_L22	0	0	0	0	0	0	0	4.11	0	0
miR633_R9_L21	0	0	2.85	0	0	0	3.0	3.39	0	0
miR634_R9_L20	0	3.15	10.27	0	2.95	0	8.67	0	0	0
miR635_R9_L22	3.61	2.9	2.82	0	0	0	0	2.98	0	0
miR636_R9_L22	0	0	3.21	0	0	0	0	0	0	0
miR637_R9_L22	0	0	0	0	0	0	0	3.71	0	0
miR638_R9_L20	4.05	0	3.77	0	0	0	3.05	0	4.31	0
miR639_R9_L21	0	2.85	3.5	0	0	3.35	3.12	3.34	0	3.76
miR63_R300_L21	4.56	3.99	4.73	0	0	4.19	5.72	5.56	3.96	5.35
miR640_R9_L21	0	0	2.8	0	0	0	0	0	0	0
miR641_R9_L21	7.94	3.54	7.84	6.99	3.1	0	0	5.64	0	0
miR642_R9_L22	0	0	5.27	0	0	0	0	0	0	0
miR643_R9_L20	3.13	0	4.26	0	0	0	0	0	3.22	0
miR644_R9_L21	0	0	5.03	0	0	0	0	4.56	4.3	0
miR645_R9_L21	0	3.05	3.69	0	0	2.78	0	0	2.68	0
miR646_R9_L21	0	0	6.39	0	0	0	0	4.86	5.26	0
miR647_R9_L20	0	3.97	3.32	0	2.79	0	0	0	0	0
miR648_R9_L22	4.52	0	3.84	0	0	0	0	0	4.48	0
miR649_R9_L22	4.0	0	3.62	0	0	0	0	0	0	0
miR64_R292_L21	7.07	4.81	4.24	4.93	2.81	5.33	5.83	5.07	3.65	5.62
miR650_R9_L22	0	3.29	0	0	0	3.02	0	2.92	0	2.72
miR651_R9_L22	0	0	0	0	0	3.17	0	3.16	0	3.0
miR652_R9_L22	0	0	0	0	0	4.45	0	3.55	0	0
miR653_R9_L22	0	2.81	0	0	0	0	0	2.86	0	2.76
miR654_R9_L21	0	0	3.16	0	0	0	0	0	0	0
miR655_R9_L22	0	0	3.63	0	0	0	0	0	0	0
miR656_R9_L22	0	4.34	3.51	0	0	0	0	0	0	0
miR657_R9_L20	0	3.43	5.53	0	4.18	0	0	0	0	0
miR658_R9_L22	0	8.08	0	0	0	0	0	4.87	0	0
miR659_R9_L21	0	0	2.86	0	3.51	0	7.14	2.89	0	4.28
miR65_R287_L21	3.4	4.18	4.67	3.44	0	4.32	3.47	5.15	4.18	4.8
miR660_R9_L22	0	2.9	0	0	0	0	0	3.46	4.66	0
miR661_R9_L21	0	0	2.95	0	0	0	3.35	0	3.17	3.83
miR662_R9_L22	0	3.64	3.81	0	0	0	3.24	0	4.26	0
miR663_R9_L22	0	3.95	3.52	4.73	0	3.12	3.04	0	0	0
miR664_R9_L21	0	0	4.18	0	0	0	0	0	0	0
miR665_R9_L22	0	0	0	6.06	0	0	4.2	0	0	0
miR666_R9_L22	0	0	3.16	0	0	2.82	0	0	4.73	0
miR667_R9_L21	0	0	4.99	0	0	0	0	0	2.89	0
miR668_R9_L21	0	0	2.81	0	0	0	4.45	2.7	0	0
miR669_R9_L22	0	0	0	0	0	0	9.95	0	0	0
miR66_R283_L22	3.53	5.15	7.44	3.69	2.7	6.16	6.57	3.77	3.07	7.38
miR670_R9_L22	0	0	0	0	3.39	0	0	0	0	0
miR671_R9_L22	0	0	0	0	5.54	0	0	0	0	0
miR672_R9_L21	0	0	0	0	7.3	0	0	0	0	0
miR673_R8_L22	0	4.82	0	0	3.89	0	3.0	4.49	0	0
miR674_R8_L22	0	0	3.01	0	0	4.04	2.86	2.9	0	3.15
miR675_R8_L22	0	0	2.89	0	0	0	0	3.2	0	2.88
miR676_R8_L21	0	0	0	0	0	0	0	2.97	0	0
miR677_R8_L20	0	0	2.78	0	0	0	0	0	0	0
miR678_R8_L22	0	0	0	0	0	0	0	3.14	0	0
miR679_R8_L21	4.25	0	4.43	6.57	0	0	0	0	0	0
miR67_R283_L21	5.42	5.42	5.12	5.72	0	5.67	5.93	4.64	5.03	4.14
miR680_R8_L21	0	0	4.8	0	0	0	0	5.37	0	0
miR681_R8_L21	0	3.18	5.84	0	0	0	0	3.82	0	4.75
miR682_R8_L22	3.78	0	0	0	0	0	0	3.71	0	3.16
miR683_R8_L22	0	3.36	3.71	0	0	0	0	0	3.63	0
miR684_R8_L21	0	0	0	0	0	0	0	3.87	0	0
miR685_R8_L22	0	0	0	0	0	0	0	0	0	2.91
miR686_R8_L21	0	0	3.69	0	0	0	0	0	0	0
miR687_R8_L21	0	0	4.53	0	0	0	0	0	0	0
miR688_R8_L21	0	0	3.33	0	3.29	0	4.03	0	0	0
miR689_R8_L20	5.66	0	5.15	0	0	0	0	4.43	0	5.66
miR68_R282_L20	3.95	5.35	5.37	3.88	3.77	5.59	5.86	4.61	4.13	5.19
miR690_R8_L21	0	0	0	0	0	0	0	4.67	0	0
miR691_R8_L21	0	0	3.94	0	0	0	0	0	0	0
miR692_R8_L22	0	0	0	0	0	0	0	3.32	0	0
miR693_R8_L22	0	0	0	0	0	0	0	4.04	0	0
miR694_R8_L22	0	0	0	0	0	0	0	5.93	0	0
miR695_R8_L22	0	0	0	0	0	3.63	0	0	0	3.01
miR696_R8_L21	0	5.11	0	0	0	0	0	0	3.83	0
miR697_R8_L20	0	0	3.3	3.92	0	0	0	4.64	0	0
miR698_R8_L21	0	0	0	7.76	0	0	7.1	0	0	2.76
miR699_R8_L21	3.2	3.11	2.94	0	0	0	2.94	3.22	0	0
miR69_R279_L21	8.4	7.15	8.63	5.6	2.77	5.01	5.02	3.41	5.18	4.81
miR6_R742_L21	5.85	8.06	7.17	7.42	8.03	5.12	5.23	8.94	5.99	7.81
miR700_R8_L21	0	2.6	7.45	0	0	0	0	0	0	0
miR701_R8_L22	0	0	0	0	0	0	0	3.34	0	0
miR702_R8_L22	0	0	0	0	0	0	0	0	4.45	3.02
miR703_R8_L21	0	0	0	0	0	0	4.51	4.21	0	0
miR704_R8_L22	0	3.33	4.81	0	0	0	3.14	3.27	0	5.52
miR705_R8_L21	0	0	3.72	0	0	0	2.84	0	2.9	0
miR706_R8_L21	0	0	5.77	0	0	0	0	0	6.85	0
miR707_R8_L22	3.39	0	0	3.27	0	0	3.48	0	4.18	0
miR708_R8_L20	7.69	0	9.9	0	0	0	0	0	0	0
miR709_R8_L21	0	0	3.64	0	0	0	0	0	4.13	0
miR70_R279_L21	4.26	4.6	5.03	6.84	3.55	2.85	7.64	3.56	6.17	4.12
miR710_R8_L22	0	0	4.61	0	0	0	0	0	5.1	2.8
miR711_R8_L22	0	0	4.55	0	0	0	2.65	0	4.42	0
miR712_R8_L20	0	0	0	0	0	0	6.46	0	0	0
miR713_R8_L22	0	0	5.81	0	0	0	0	0	0	0
miR714_R8_L22	0	0	0	0	0	0	7.47	0	0	0
miR715_R8_L20	0	0	0	0	0	0	0	3.53	0	0
miR716_R8_L22	0	0	0	0	0	0	7.15	0	0	0
miR717_R8_L22	0	0	4.06	0	0	0	0	0	4.72	0
miR718_R8_L22	0	0	0	0	0	0	6.95	0	0	0
miR719_R8_L22	0	0	0	0	0	0	4.59	0	0	0
miR71_R276_L21	9.72	4.86	6.67	3.34	3.06	5.02	4.62	4.46	7.82	6.01
miR720_R7_L22	0	0	3.11	0	0	0	0	0	0	0
miR721_R7_L22	4.03	0	0	0	3.18	0	5.54	0	0	0
miR722_R7_L22	0	0	2.71	0	0	0	0	0	0	0
miR723_R7_L22	3.37	0	2.98	0	0	0	0	0	0	0
miR724_R7_L21	0	0	0	0	0	0	0	7.74	0	0
miR725_R7_L22	0	2.86	2.73	0	0	0	0	0	0	0
miR726_R7_L21	0	0	3.94	7.6	0	0	0	0	0	0
miR727_R7_L22	0	0	8.1	0	0	0	0	0	0	0
miR728_R7_L22	3.21	2.73	0	0	0	0	3.71	3.53	0	0
miR729_R7_L22	0	3.66	4.09	0	0	0	0	0	3.65	0
miR72_R275_L21	5.27	7.87	8.29	2.73	0	6.29	4.28	6.04	7.46	5.22
miR730_R7_L22	2.62	0	2.71	0	0	0	0	0	0	0
miR731_R7_L22	0	0	0	0	4.04	0	4.08	3.82	0	0
miR732_R7_L22	0	3.58	0	0	3.02	0	3.2	0	0	0
miR733_R7_L22	0	0	0	0	0	0	0	3.71	0	0
miR734_R7_L21	0	0	0	0	0	0	0	3.56	0	0
miR735_R7_L22	4.38	0	0	0	0	0	0	3.71	0	2.97
miR736_R7_L21	0	0	0	0	0	0	3.57	0	0	0
miR737_R7_L21	0	0	0	0	4.26	0	3.89	0	0	0
miR738_R7_L20	0	0	5.11	0	0	0	0	4.75	0	0
miR739_R7_L20	0	0	0	0	0	0	0	5.24	0	0
miR73_R274_L21	6.64	8.19	5.51	0	7.31	10.9	6.65	11.23	4.65	0
miR740_R7_L24	0	0	0	0	0	0	0	5.3	0	0
miR741_R7_L22	0	4.7	0	0	0	4.71	0	4.12	0	0
miR742_R7_L22	0	0	6.17	0	0	0	0	0	0	0
miR743_R7_L21	0	0	2.82	0	0	0	0	0	0	0
miR744_R7_L21	0	3.27	3.66	0	0	0	0	0	0	4.03
miR745_R7_L22	0	2.95	0	0	0	4.2	0	2.99	0	0
miR746_R7_L21	0	4.08	0	0	0	3.76	0	4.68	0	0
miR747_R7_L22	3.27	3.25	0	0	2.67	0	2.92	0	0	0
miR748_R7_L22	0	0	2.97	0	0	3.23	0	3.08	0	2.87
miR749_R7_L22	0	0	5.06	0	0	0	0	0	0	2.81
miR74_R274_L21	4.39	4.36	5.4	4.98	3.31	4.37	4.73	3.68	3.78	5.67
miR750_R7_L21	0	3.91	3.57	0	0	0	0	0	0	0
miR751_R7_L20	3.03	0	5.24	0	0	0	0	0	0	0
miR752_R7_L21	0	0	0	0	0	0	0	4.1	0	0
miR753_R7_L21	0	0	2.86	0	0	0	0	0	0	0
miR754_R7_L21	0	0	0	0	0	0	0	4.23	0	0
miR755_R7_L21	3.77	0	0	4.58	0	0	0	4.36	0	0
miR756_R7_L22	0	0	4.26	0	0	0	0	0	0	0
miR757_R7_L22	0	0	0	3.27	7.19	0	6.91	0	0	0
miR758_R7_L21	2.91	0	0	0	0	0	0	4.12	4.0	0
miR759_R7_L21	7.91	0	0	0	0	0	0	0	9.97	0
miR75_R271_L21	5.12	5.68	6.57	5.03	5.1	4.83	10.01	3.37	6.95	6.32
miR760_R7_L21	0	0	0	0	0	0	0	4.94	0	0
miR761_R7_L21	0	0	3.96	0	0	0	0	0	0	0
miR762_R7_L21	0	7.35	6.17	0	0	0	0	0	0	0
miR763_R7_L20	0	3.05	3.7	0	0	0	0	0	0	2.95
miR764_R7_L21	0	2.8	3.74	3.94	0	0	0	0	0	0
miR765_R7_L22	0	0	4.32	0	0	3.76	0	0	0	3.54
miR766_R7_L21	0	0	6.05	3.84	0	0	0	0	5.36	0
miR767_R7_L21	0	0	0	3.81	0	0	3.81	0	0	0
miR768_R7_L21	0	0	5.17	0	0	0	5.31	0	3.98	0
miR769_R7_L22	0	3.09	4.98	0	0	0	0	0	4.38	0
miR76_R271_L21	3.57	5.08	7.15	3.43	0	0	0	0	5.61	3.48
miR770_R7_L21	0	0	4.84	0	0	0	0	0	5.32	0
miR771_R7_L21	0	0	6.08	0	0	0	0	0	2.78	0
miR772_R7_L22	0	0	2.79	0	0	0	0	0	4.66	0
miR773_R7_L21	0	0	3.48	0	0	0	0	0	6.34	0
miR774_R7_L22	0	0	4.24	0	0	0	0	0	6.63	0
miR775_R7_L21	0	0	4.65	0	0	0	0	0	3.78	0
miR776_R7_L21	0	0	0	0	0	0	4.47	0	0	0
miR777_R7_L21	0	0	5.15	0	0	0	0	0	0	0
miR778_R7_L21	0	0	4.97	0	0	0	0	0	0	0
miR779_R7_L22	0	0	0	0	0	0	4.38	0	0	0
miR77_R258_L21	3.86	4.14	4.44	4.68	5.66	3.62	5.82	4.38	3.18	3.89
miR780_R7_L22	0	0	0	0	4.31	0	0	0	0	0
miR781_R6_L21	0	0	3.15	0	0	0	0	2.94	0	0
miR782_R6_L22	0	0	2.78	0	0	0	0	0	0	0
miR783_R6_L21	0	0	0	0	7.46	0	3.46	0	0	0
miR784_R6_L21	0	0	3.81	0	0	0	0	0	0	0
miR785_R6_L22	0	5.47	5.71	0	0	0	4.64	0	0	0
miR786_R6_L21	0	4.86	0	0	0	4.35	0	0	0	0
miR787_R6_L22	0	4.33	0	0	0	0	3.28	5.2	0	0
miR788_R6_L22	0	0	0	0	0	0	0	3.53	0	0
miR789_R6_L21	0	0	6.9	0	0	0	0	0	0	0
miR78_R251_L21	3.44	3.12	4.22	5.59	0	3.47	4.66	3.46	2.82	3.81
miR790_R6_L22	0	0	2.74	0	0	0	0	0	0	0
miR791_R6_L21	0	3.3	2.99	0	0	0	0	0	0	0
miR792_R6_L21	0	0	2.88	0	0	0	0	0	0	0
miR793_R6_L21	0	0	3.43	0	0	3.2	0	0	0	0
miR794_R6_L21	0	3.76	3.53	0	0	0	0	0	0	0
miR795_R6_L21	0	2.88	3.34	0	0	0	0	2.72	0	0
miR796_R6_L21	0	0	4.17	0	0	0	0	0	0	0
miR797_R6_L21	0	0	0	0	0	0	0	3.96	0	0
miR798_R6_L21	0	0	0	0	0	0	0	4.12	0	0
miR799_R6_L21	0	0	0	0	0	2.8	0	3.33	0	0
miR79_R247_L21	3.07	4.74	5.08	3.5	0	4.96	3.2	6.78	5.62	6.21
miR7_R735_L21	10.34	11.18	14.09	9.58	7.53	10.7	9.37	11.0	14.31	9.29
miR800_R6_L21	0	0	0	0	4.48	0	3.86	0	0	0
miR801_R6_L21	0	0	0	0	0	0	0	0	0	3.37
miR802_R6_L21	0	2.66	0	0	2.72	0	2.71	0	0	0
miR803_R6_L21	0	0	3.74	0	0	0	0	0	0	0
miR804_R6_L21	0	3.24	0	0	0	0	0	0	0	0
miR805_R6_L22	0	4.0	0	0	0	0	3.35	3.24	0	0
miR806_R6_L21	0	0	0	0	3.17	0	4.47	0	0	0
miR807_R6_L21	0	3.56	0	0	0	0	3.3	0	0	0
miR808_R6_L21	0	3.42	4.66	0	0	0	0	0	0	0
miR809_R6_L22	0	0	2.9	0	0	0	0	0	0	0
miR80_R246_L22	5.68	4.37	5.59	3.34	4.18	3.65	4.37	5.01	4.22	5.36
miR810_R6_L21	0	0	3.24	0	0	0	0	0	0	0
miR811_R6_L22	0	5.87	0	0	0	5.0	0	4.05	0	5.55
miR812_R6_L20	3.09	0	5.33	0	0	0	2.96	0	5.39	0
miR813_R6_L22	0	3.15	2.92	0	0	0	3.18	0	0	0
miR814_R6_L22	0	0	0	0	0	0	4.06	0	0	0
miR815_R6_L22	0	0	0	0	0	0	0	6.85	0	0
miR816_R6_L21	0	4.69	0	0	0	0	0	0	4.01	0
miR817_R6_L21	0	5.31	5.26	0	0	0	0	0	0	0
miR818_R6_L21	0	0	2.78	0	0	0	0	0	0	0
miR819_R6_L22	0	0	0	0	0	0	0	5.85	0	0
miR81_R244_L21	5.16	4.28	4.18	5.34	0	3.43	4.82	6.6	5.5	5.81
miR820_R6_L21	0	3.0	6.98	0	0	0	0	5.6	0	0
miR821_R6_L20	0	4.28	0	0	0	0	0	0	0	0
miR822_R6_L21	0	0	5.26	0	0	0	0	0	0	0
miR823_R6_L21	0	4.2	4.87	0	0	3.11	0	0	0	0
miR824_R6_L21	5.33	0	3.32	0	0	0	0	2.89	0	0
miR825_R6_L21	3.01	0	0	0	0	4.06	5.45	0	0	4.35
miR826_R6_L22	0	0	0	0	0	0	2.96	0	0	0
miR827_R6_L20	0	4.49	0	0	0	0	0	0	0	0
miR828_R6_L22	0	0	5.07	0	0	0	0	3.95	0	3.8
miR829_R6_L22	0	0	4.28	0	3.58	0	0	0	0	0
miR82_R243_L22	4.17	4.91	3.68	3.03	3.23	4.88	5.31	4.02	0	4.5
miR830_R6_L21	0	0	6.13	0	0	0	0	0	0	0
miR831_R6_L21	0	0	3.57	0	0	0	0	0	0	0
miR832_R6_L21	0	0	0	0	0	0	2.89	0	0	0
miR833_R6_L22	0	0	3.35	0	0	0	0	0	0	0
miR834_R6_L21	0	0	4.22	0	0	0	0	0	0	0
miR835_R6_L21	0	5.23	0	0	0	0	3.06	0	0	0
miR836_R6_L22	0	3.45	0	0	0	0	3.27	2.78	0	0
miR837_R6_L22	0	0	6.01	0	3.47	0	0	0	0	0
miR838_R6_L21	0	4.84	4.16	0	0	3.16	0	3.87	0	0
miR839_R6_L21	0	0	2.82	0	0	0	0	0	0	0
miR83_R242_L20	6.99	5.77	4.45	0	4.08	4.97	4.55	7.05	6.56	3.13
miR840_R6_L21	0	0	0	3.36	2.87	0	2.65	2.87	0	0
miR841_R6_L21	0	3.65	4.26	0	2.77	0	2.93	0	0	0
miR842_R6_L22	0	3.07	0	0	0	3.32	0	0	3.13	0
miR843_R6_L21	0	0	3.19	0	0	0	0	0	0	0
miR844_R6_L22	2.94	0	0	5.95	0	0	0	0	4.59	3.47
miR845_R6_L21	0	0	0	0	0	0	4.02	3.34	0	0
miR846_R6_L22	0	0	2.78	0	0	0	2.9	0	3.99	0
miR847_R6_L21	0	0	5.19	3.26	0	0	0	0	4.56	0
miR848_R6_L22	0	0	3.78	0	0	0	0	0	0	0
miR849_R6_L21	0	0	3.25	0	0	3.63	0	0	4.5	0
miR84_R223_L22	3.89	8.05	7.73	0	7.58	5.82	6.95	6.65	3.27	6.6
miR850_R6_L22	0	3.41	4.99	0	4.55	0	0	0	0	0
miR851_R6_L20	0	4.91	7.77	0	4.98	0	3.99	0	0	0
miR852_R6_L20	0	5.27	6.57	6.58	0	0	0	9.6	0	0
miR853_R6_L22	0	0	4.19	0	0	0	0	0	0	3.93
miR854_R6_L21	0	0	4.1	0	0	0	0	4.29	0	0
miR855_R6_L20	0	0	0	0	0	0	4.06	0	0	0
miR856_R6_L21	0	0	4.39	0	0	0	0	0	0	0
miR857_R6_L22	0	0	4.81	0	0	0	6.34	0	8.01	0
miR858_R6_L21	0	0	4.25	0	0	0	0	0	5.05	0
miR859_R6_L22	0	0	0	0	0	0	0	0	4.23	0
miR85_R222_L21	12.23	10.97	10.94	10.65	0	8.43	8.77	10.18	0	10.11
miR860_R6_L21	0	0	0	0	0	0	0	0	3.95	0
miR861_R6_L20	0	0	0	0	0	0	5.0	0	0	0
miR862_R6_L21	0	0	0	0	0	0	4.52	0	0	0
miR863_R6_L22	0	0	6.0	0	0	0	0	0	0	0
miR864_R6_L21	0	0	0	0	0	0	5.07	0	3.62	0
miR865_R6_L22	0	0	0	0	0	0	5.59	0	0	0
miR866_R6_L22	0	0	0	0	3.52	0	0	0	0	0
miR867_R6_L22	0	0	4.49	0	0	0	5.94	0	0	0
miR868_R6_L21	0	0	5.72	0	0	0	0	0	7.51	0
miR869_R5_L22	0	0	4.03	0	0	0	0	0	0	0
miR86_R220_L22	5.47	6.94	7.57	3.92	2.94	7.09	4.07	7.3	3.74	7.64
miR870_R5_L22	0	3.08	2.89	0	0	0	0	0	0	0
miR871_R5_L22	0	0	3.08	0	0	0	0	0	0	0
miR872_R5_L21	0	0	8.88	0	0	0	0	0	0	0
miR873_R5_L21	0	2.95	4.52	0	0	0	0	0	3.56	0
miR874_R5_L22	0	6.01	7.28	0	0	7.22	0	0	0	0
miR875_R5_L21	0	0	0	0	0	0	0	4.71	0	0
miR876_R5_L21	0	0	0	0	0	0	4.56	2.7	0	0
miR877_R5_L21	3.83	0	0	0	0	0	0	0	3.76	0
miR878_R5_L22	0	0	0	0	0	0	0	3.2	0	0
miR879_R5_L21	2.93	0	3.1	0	0	0	0	0	0	2.63
miR87_R214_L22	10.09	9.8	8.84	8.44	0	9.64	8.64	8.41	9.97	9.1
miR880_R5_L20	0	0	0	0	0	0	0	4.21	0	0
miR881_R5_L22	0	4.59	0	0	0	3.93	0	5.66	0	0
miR882_R5_L22	0	2.97	0	0	0	0	0	3.39	0	0
miR883_R5_L22	0	0	3.65	0	0	0	0	0	0	0
miR884_R5_L21	0	3.64	0	0	0	0	0	3.17	0	0
miR885_R5_L21	0	0	0	0	0	0	0	2.76	0	0
miR886_R5_L21	0	0	2.75	0	0	0	0	0	0	0
miR887_R5_L22	0	0	0	0	0	0	5.78	8.06	0	0
miR888_R5_L22	2.61	3.48	2.71	0	0	0	0	0	0	0
miR889_R5_L21	0	0	4.41	0	2.91	0	0	0	0	0
miR88_R214_L21	2.99	5.12	4.93	4.65	2.83	5.99	0	6.51	6.37	4.88
miR890_R5_L20	0	4.12	3.21	0	0	5.08	0	0	0	0
miR891_R5_L20	0	5.16	3.37	0	0	0	0	0	0	0
miR892_R5_L22	0	0	0	3.67	0	0	3.17	0	0	0
miR893_R5_L22	0	4.06	0	3.41	0	0	0	0	0	0
miR894_R5_L21	0	0	2.65	0	3.84	0	0	2.95	0	4.57
miR895_R5_L22	0	0	0	0	0	0	0	2.95	0	2.82
miR896_R5_L22	0	3.35	3.19	0	0	0	0	0	0	0
miR897_R5_L21	0	0	3.31	0	0	0	0	0	2.73	0
miR898_R5_L21	0	0	4.18	3.34	0	0	4.53	0	0	4.01
miR899_R5_L21	0	0	4.83	0	0	0	0	0	0	0
miR89_R212_L20	8.69	7.77	10.13	8.75	0	8.83	9.32	6.89	9.65	9.94
miR8_R731_L21	9.22	12.81	11.42	12.71	9.26	12.36	11.49	10.78	8.3	11.85
miR900_R5_L21	0	3.22	5.05	0	0	0	0	0	0	0
miR901_R5_L21	0	0	3.05	0	0	0	0	0	0	0
miR902_R5_L21	0	9.07	0	0	0	0	7.29	0	0	0
miR903_R5_L22	0	0	0	0	0	0	0	3.32	0	0
miR904_R5_L22	5.34	0	5.48	0	0	0	0	0	0	0
miR905_R5_L21	0	0	3.45	0	0	0	0	0	3.71	0
miR906_R5_L21	3.53	0	3.01	0	0	0	3.96	0	0	4.08
miR907_R5_L20	6.61	0	0	0	0	0	0	9.99	0	0
miR908_R5_L21	0	0	3.72	0	0	0	0	2.78	0	0
miR909_R5_L21	0	0	3.4	0	0	0	0	0	0	0
miR90_R211_L21	7.87	7.48	6.87	3.86	0	6.32	8.71	5.67	0	7.51
miR910_R5_L22	0	0	0	0	0	0	3.46	0	0	5.11
miR911_R5_L22	0	0	3.97	0	0	0	0	0	0	0
miR912_R5_L20	0	0	2.77	0	0	0	0	0	0	0
miR913_R5_L22	0	0	3.2	0	0	3.52	0	3.65	0	3.57
miR914_R5_L21	0	0	3.87	0	0	0	0	0	0	0
miR915_R5_L21	0	0	0	0	0	0	3.18	3.2	0	4.51
miR916_R5_L22	0	0	4.33	0	0	0	3.74	4.82	0	0
miR917_R5_L21	0	0	3.51	0	0	0	0	0	0	0
miR918_R5_L22	0	0	2.98	0	0	0	0	0	0	0
miR919_R5_L22	0	0	3.05	0	0	0	0	4.01	0	0
miR91_R209_L22	3.18	5.93	4.91	4.27	3.88	7.06	8.69	4.88	0	7.69
miR920_R5_L21	0	0	0	0	0	0	0	3.31	0	0
miR921_R5_L21	0	0	5.12	0	4.48	0	4.77	0	0	0
miR922_R5_L22	0	3.35	2.73	0	0	0	2.97	0	0	0
miR923_R5_L21	0	0	3.13	0	0	0	0	0	0	0
miR924_R5_L22	3.0	0	0	0	0	0	0	2.67	0	0
miR925_R5_L21	0	0	0	7.47	0	0	5.57	0	0	0
miR926_R5_L22	0	3.48	6.43	0	0	0	0	0	3.12	0
miR927_R5_L21	0	0	5.75	0	0	0	0	5.42	0	0
miR928_R5_L21	0	0	3.22	0	0	0	0	0	0	0
miR929_R5_L21	6.43	5.58	0	7.49	0	0	0	0	0	0
miR92_R206_L22	4.76	5.19	5.74	0	3.61	0	3.34	5.45	4.83	5.37
miR930_R5_L20	0	6.38	4.9	0	0	0	0	0	0	0
miR931_R5_L21	0	0	4.03	0	0	0	0	0	0	0
miR932_R5_L22	0	6.03	4.11	0	0	0	0	0	0	5.19
miR933_R5_L21	0	0	3.19	0	0	0	0	0	0	0
miR934_R5_L21	2.83	0	2.97	0	0	0	0	0	3.18	0
miR935_R5_L22	0	2.86	2.8	0	0	0	3.96	0	0	0
miR936_R5_L21	0	0	3.49	0	0	0	0	0	0	0
miR937_R5_L21	0	0	3.73	3.9	0	0	6.43	0	0	6.88
miR938_R5_L21	0	0	3.91	0	3.03	0	4.68	0	0	3.53
miR939_R5_L22	0	3.47	3.01	0	0	0	0	4.13	3.71	0
miR93_R204_L22	5.5	5.17	0	8.05	8.82	8.77	5.92	10.62	0	0
miR940_R5_L21	0	0	3.82	0	0	0	0	0	0	0
miR941_R5_L21	0	0	4.14	0	0	0	0	0	0	0
miR942_R5_L20	3.02	0	3.82	0	0	0	0	3.09	0	0
miR943_R5_L21	0	0	0	0	0	0	0	0	6.57	0
miR944_R5_L22	0	0	4.86	0	0	0	0	0	5.84	0
miR945_R5_L21	0	0	5.37	0	0	0	0	0	0	0
miR946_R5_L22	0	0	0	0	0	0	5.84	0	0	0
miR947_R5_L22	0	0	3.92	0	0	0	0	0	7.17	0
miR948_R5_L22	0	0	0	0	0	0	0	0	3.89	0
miR949_R5_L22	0	0	0	0	0	0	0	0	4.6	0
miR94_R198_L20	6.56	12.39	10.03	0	0	8.45	4.98	9.54	0	15.07
miR950_R5_L22	0	0	4.6	0	0	0	0	0	0	0
miR951_R5_L22	0	0	0	0	0	0	4.82	0	0	0
miR952_R5_L22	0	0	0	0	0	0	0	3.81	0	0
miR953_R5_L20	0	0	0	0	0	0	0	3.32	0	0
miR954_R5_L21	0	0	0	0	0	0	0	0	3.83	0
miR955_R5_L20	0	0	5.8	6.19	0	0	0	0	0	0
miR956_R5_L22	0	0	0	0	0	0	0	0	4.44	0
miR957_R4_L21	0	0	3.26	0	0	0	0	0	0	0
miR958_R4_L22	4.22	0	0	0	0	0	0	0	0	3.9
miR959_R4_L21	0	0	0	0	0	0	3.02	0	0	0
miR95_R196_L22	7.65	7.66	7.3	0	0	8.32	6.71	7.52	0	7.53
miR960_R4_L22	5.48	0	0	0	0	0	0	4.93	0	0
miR961_R4_L21	0	0	3.81	0	0	0	0	0	0	0
miR962_R4_L21	3.1	0	0	0	0	0	0	0	0	0
miR963_R4_L21	0	0	4.5	0	0	0	0	0	3.62	0
miR964_R4_L21	0	0	0	0	0	0	4.28	0	0	0
miR965_R4_L21	0	3.3	3.65	0	0	0	0	3.51	0	0
miR966_R4_L21	0	0	2.95	0	0	0	0	0	0	0
miR967_R4_L21	0	0	3.54	0	0	0	0	0	0	0
miR968_R4_L22	3.62	0	4.17	0	0	0	0	0	0	0
miR969_R4_L21	0	0	0	0	0	2.88	0	3.31	0	0
miR96_R196_L21	7.41	9.44	9.96	6.19	6.51	9.15	8.33	9.58	7.85	8.64
miR970_R4_L22	0	0	4.27	0	0	0	0	0	0	0
miR971_R4_L21	0	3.23	0	0	0	0	0	8.69	0	0
miR972_R4_L21	0	0	3.59	0	0	0	0	0	0	0
miR973_R4_L22	0	0	0	0	0	0	0	3.67	0	0
miR974_R4_L21	0	0	4.65	0	0	0	0	0	0	0
miR975_R4_L21	0	0	0	0	0	0	3.01	0	0	0
miR976_R4_L21	0	0	9.07	0	0	0	0	0	0	0
miR977_R4_L21	0	0	3.51	0	0	0	0	0	0	0
miR978_R4_L21	0	0	3.45	0	0	0	0	0	0	0
miR979_R4_L21	0	0	3.88	0	0	0	0	0	0	0
miR97_R195_L21	5.27	4.29	6.9	3.64	0	0	4.42	6.05	8.43	4.44
miR980_R4_L21	0	9.69	0	0	0	0	0	7.49	0	8.3
miR981_R4_L21	0	0	2.74	0	0	0	0	0	0	0
miR982_R4_L22	0	0	3.0	0	0	0	0	0	0	3.86
miR983_R4_L24	0	0	0	0	0	0	0	5.15	0	0
miR984_R4_L21	0	0	3.23	0	0	0	0	4.83	0	0
miR985_R4_L22	0	0	0	0	0	0	0	2.91	0	2.88
miR986_R4_L22	0	3.2	0	0	0	0	0	0	0	2.67
miR987_R4_L21	0	0	4.14	0	0	0	0	0	0	0
miR988_R4_L22	0	0	0	0	0	0	0	5.68	0	0
miR989_R4_L22	0	3.15	2.86	0	0	0	0	0	0	0
miR98_R193_L22	0	7.58	5.72	0	3.95	0	4.98	4.47	0	7.76
miR990_R4_L22	0	0	0	0	0	0	0	3.69	0	0
miR991_R4_L22	0	0	0	0	0	0	0	2.96	0	2.63
miR992_R4_L21	0	0	3.83	0	0	0	2.93	0	0	0
miR993_R4_L21	0	0	0	0	0	0	0	3.45	0	0
miR994_R4_L21	0	0	4.03	0	0	0	0	0	0	0
miR995_R4_L22	0	0	2.89	0	0	2.74	0	2.65	0	0
miR996_R4_L22	0	3.12	3.56	0	0	0	0	0	0	0
miR997_R4_L22	0	0	0	0	0	0	0	4.46	0	0
miR998_R4_L22	0	6.34	0	0	0	0	0	4.6	0	0
miR999_R4_L22	0	0	3.4	0	0	0	0	0	0	0
miR99_R193_L21	5.27	7.41	7.84	8.29	4.72	6.8	4.59	5.24	6.58	4.73
miR9_R713_L22	13.99	12.46	15.68	13.27	13.77	11.1	13.42	12.28	11.01	14.07
